/*
 Navicat Premium Data Transfer

 Source Server         : 116.62.222.44
 Source Server Type    : MySQL
 Source Server Version : 50735
 Source Host           : 116.62.222.44:3306
 Source Schema         : circle

 Target Server Type    : MySQL
 Target Server Version : 50735
 File Encoding         : 65001

 Date: 25/08/2021 02:31:07
*/

SET NAMES utf8mb4;
SET FOREIGN_KEY_CHECKS = 0;

-- ----------------------------
-- Table structure for article
-- ----------------------------
DROP TABLE IF EXISTS `article`;
CREATE TABLE `article`  (
  `id` bigint(20) UNSIGNED NOT NULL,
  `text` varchar(255) CHARACTER SET utf8mb4 COLLATE utf8mb4_unicode_ci NULL DEFAULT NULL,
  `video_url` varchar(255) CHARACTER SET utf8mb4 COLLATE utf8mb4_unicode_ci NULL DEFAULT NULL,
  `user_id` bigint(20) UNSIGNED NOT NULL,
  `create_time` datetime(0) NOT NULL DEFAULT CURRENT_TIMESTAMP,
  `logo_url` varchar(255) CHARACTER SET utf8mb4 COLLATE utf8mb4_unicode_ci NULL DEFAULT NULL,
  PRIMARY KEY (`id`) USING BTREE,
  INDEX `idx_user_id`(`user_id`) USING BTREE
) ENGINE = InnoDB CHARACTER SET = utf8mb4 COLLATE = utf8mb4_unicode_ci ROW_FORMAT = Dynamic;

-- ----------------------------
-- Records of article
-- ----------------------------
INSERT INTO `article` VALUES (1, '这是我的第一篇文章😀', NULL, 1, '2021-04-10 18:35:03', NULL);
INSERT INTO `article` VALUES (2, '这是我的第二篇文章,这是我的第二篇文章,这是我的第二篇文章,这是我的第二篇文章,这是我的第二篇文章,这是我的第二篇文章,这是我的第二篇文章,这是我的第二篇文章,这是我的第二篇文章,这是我的第二篇文章,这是我的第二篇文章,这是我的第二篇文章,这是我的第二篇文章', 'https://yitianjiang-circle.oss-cn-beijing.aliyuncs.com/SampleVideo_720x480_10mb.mp4', 1, '2021-04-10 18:35:03', NULL);
INSERT INTO `article` VALUES (3, '这是我的第三篇文章', NULL, 1, '2021-04-10 18:35:03', NULL);
INSERT INTO `article` VALUES (4, '这是我的第四篇文章', NULL, 1, '2021-04-10 18:35:03', NULL);
INSERT INTO `article` VALUES (5, '这是我的第五篇文章', NULL, 1, '2021-04-10 18:35:03', NULL);
INSERT INTO `article` VALUES (6, '这是余文艳写的第一篇文章', NULL, 2, '2021-04-10 18:35:03', NULL);
INSERT INTO `article` VALUES (7, '这是余文艳写的第二篇文章', NULL, 2, '2021-04-10 18:35:03', NULL);
INSERT INTO `article` VALUES (8, '这是余文艳写的第三篇文章', NULL, 2, '2021-04-10 18:35:03', NULL);
INSERT INTO `article` VALUES (9, '这是张凯旋写的第一篇文章', NULL, 3, '2021-04-10 18:35:03', NULL);
INSERT INTO `article` VALUES (10, '这是张凯旋写的第二篇文章', NULL, 3, '2021-04-10 18:35:03', NULL);
INSERT INTO `article` VALUES (11, '这是张凯旋写的第三篇文章', NULL, 3, '2021-04-10 18:35:03', NULL);
INSERT INTO `article` VALUES (12, '这是张三的第一篇文章', NULL, 4, '2021-07-14 15:24:38', NULL);
INSERT INTO `article` VALUES (1419700938670604378, '这是张三的第二篇文章', NULL, 4, '2021-07-26 16:47:51', NULL);
INSERT INTO `article` VALUES (1420137542484754436, '这是张三的第三篇文章', NULL, 4, '2021-07-27 21:42:30', NULL);
INSERT INTO `article` VALUES (1420148356356767835, '这是张三的第四篇文章', 'https://yitianjiang-circle.oss-cn-beijing.aliyuncs.com/UserVideos/4/1627424600602/http://127.0.0.1:9000/__dev__/4084d7c4fd4f6a89b3da3b68a362a007c551a5b1/temp/temVideos/02dd2eef08f6e4407a6b8f107c1f60aa.mp4', 4, '2021-07-27 22:25:29', NULL);
INSERT INTO `article` VALUES (1420423721516007433, '这是张三的第五篇文章', 'https://yitianjiang-circle.oss-cn-beijing.aliyuncs.com/UserVideos/4/1627490353251/http://127.0.0.1:9000/__dev__/4084d7c4fd4f6a89b3da3b68a362a007c551a5b1/temp/temVideos/02dd2eef08f6e4407a6b8f107c1f60aa.mp4', 4, '2021-07-28 16:39:47', NULL);
INSERT INTO `article` VALUES (1420477574370295821, '这是张三的第六篇文章', NULL, 4, '2021-07-28 20:13:48', NULL);
INSERT INTO `article` VALUES (1421560981443575847, '这是张三的第七篇文章', NULL, 4, '2021-08-01 03:58:44', NULL);

-- ----------------------------
-- Table structure for bookmark
-- ----------------------------
DROP TABLE IF EXISTS `bookmark`;
CREATE TABLE `bookmark`  (
  `id` bigint(20) UNSIGNED NOT NULL,
  `user_id` bigint(20) UNSIGNED NOT NULL,
  `article_id` bigint(20) UNSIGNED NOT NULL,
  PRIMARY KEY (`id`) USING BTREE,
  UNIQUE INDEX `uk_bookmark`(`user_id`, `article_id`) USING BTREE,
  INDEX `idx_user_id`(`user_id`) USING BTREE
) ENGINE = InnoDB CHARACTER SET = utf8mb4 COLLATE = utf8mb4_unicode_ci ROW_FORMAT = Dynamic;

-- ----------------------------
-- Records of bookmark
-- ----------------------------
INSERT INTO `bookmark` VALUES (1, 4, 1);
INSERT INTO `bookmark` VALUES (2, 4, 2);
INSERT INTO `bookmark` VALUES (3, 4, 3);
INSERT INTO `bookmark` VALUES (10, 4, 4);
INSERT INTO `bookmark` VALUES (11, 4, 5);
INSERT INTO `bookmark` VALUES (12, 4, 6);
INSERT INTO `bookmark` VALUES (4, 5, 2);
INSERT INTO `bookmark` VALUES (5, 5, 3);
INSERT INTO `bookmark` VALUES (6, 5, 4);
INSERT INTO `bookmark` VALUES (7, 6, 3);
INSERT INTO `bookmark` VALUES (8, 6, 4);
INSERT INTO `bookmark` VALUES (9, 6, 5);

-- ----------------------------
-- Table structure for browser_history
-- ----------------------------
DROP TABLE IF EXISTS `browser_history`;
CREATE TABLE `browser_history`  (
  `id` bigint(20) UNSIGNED NOT NULL,
  `user_id` bigint(20) UNSIGNED NOT NULL,
  `article_id` bigint(20) UNSIGNED NOT NULL,
  `update_time` datetime(0) NOT NULL DEFAULT CURRENT_TIMESTAMP ON UPDATE CURRENT_TIMESTAMP(0),
  PRIMARY KEY (`id`) USING BTREE,
  UNIQUE INDEX `uk_browser_history`(`user_id`, `article_id`) USING BTREE
) ENGINE = InnoDB CHARACTER SET = utf8mb4 COLLATE = utf8mb4_unicode_ci ROW_FORMAT = Dynamic;

-- ----------------------------
-- Records of browser_history
-- ----------------------------
INSERT INTO `browser_history` VALUES (1, 4, 1, '2021-05-18 12:41:30');
INSERT INTO `browser_history` VALUES (2, 4, 2, '2021-05-18 12:42:30');
INSERT INTO `browser_history` VALUES (3, 4, 3, '2021-05-18 12:46:30');
INSERT INTO `browser_history` VALUES (4, 4, 4, '2021-05-18 12:44:30');
INSERT INTO `browser_history` VALUES (5, 4, 5, '2021-05-18 12:45:30');
INSERT INTO `browser_history` VALUES (6, 5, 6, '2021-05-18 12:41:30');
INSERT INTO `browser_history` VALUES (7, 5, 7, '2021-05-18 12:42:30');
INSERT INTO `browser_history` VALUES (8, 5, 8, '2021-05-18 12:43:30');
INSERT INTO `browser_history` VALUES (9, 5, 9, '2021-05-18 12:44:30');
INSERT INTO `browser_history` VALUES (10, 5, 10, '2021-05-18 12:45:30');

-- ----------------------------
-- Table structure for comment
-- ----------------------------
DROP TABLE IF EXISTS `comment`;
CREATE TABLE `comment`  (
  `id` bigint(20) UNSIGNED NOT NULL,
  `from_user_id` bigint(20) UNSIGNED NOT NULL,
  `to_user_id` bigint(20) UNSIGNED NULL DEFAULT NULL,
  `content` varchar(255) CHARACTER SET utf8mb4 COLLATE utf8mb4_unicode_ci NOT NULL,
  `article_id` bigint(20) UNSIGNED NOT NULL,
  `create_time` datetime(0) NOT NULL DEFAULT CURRENT_TIMESTAMP,
  PRIMARY KEY (`id`) USING BTREE,
  INDEX `idx_article_id`(`article_id`) USING BTREE,
  INDEX `idx_from_user_id`(`from_user_id`) USING BTREE
) ENGINE = InnoDB CHARACTER SET = utf8mb4 COLLATE = utf8mb4_unicode_ci ROW_FORMAT = Dynamic;

-- ----------------------------
-- Records of comment
-- ----------------------------
INSERT INTO `comment` VALUES (1, 4, NULL, '这是蒋一天写的一篇好文章', 1, '2021-04-10 18:36:17');
INSERT INTO `comment` VALUES (2, 4, NULL, '这是蒋一天写的又一篇好文章', 2, '2021-04-10 18:36:17');
INSERT INTO `comment` VALUES (3, 5, NULL, '这是余文艳写的一篇好文章', 6, '2021-04-10 18:36:17');
INSERT INTO `comment` VALUES (4, 5, NULL, '这是余文艳写的又一篇好文章', 7, '2021-04-10 18:36:17');
INSERT INTO `comment` VALUES (5, 6, NULL, '这是张凯旋写的一篇好文章', 9, '2021-04-10 18:36:17');
INSERT INTO `comment` VALUES (6, 6, NULL, '这是张凯旋的又一篇好文章', 10, '2021-04-10 18:36:17');
INSERT INTO `comment` VALUES (7, 5, NULL, '这是蒋一天写的一篇好文章', 1, '2021-04-10 18:36:17');
INSERT INTO `comment` VALUES (9, 4, 5, '这是一篇好文章这是一篇好文章这是一篇好文章', 1, '2021-04-21 05:45:25');
INSERT INTO `comment` VALUES (14, 4, NULL, '这是一篇文章', 1, '2021-04-23 06:17:16');
INSERT INTO `comment` VALUES (16, 4, 5, '李四', 1, '2021-04-25 15:52:11');
INSERT INTO `comment` VALUES (21, 4, NULL, '[抠鼻]dfg[去污粉]', 1, '2021-05-04 04:07:34');
INSERT INTO `comment` VALUES (22, 4, NULL, '123[抠鼻][抠鼻]', 1, '2021-05-04 07:10:15');
INSERT INTO `comment` VALUES (23, 4, NULL, '[惊呆]fg[晕][酷拽]', 1, '2021-05-04 07:29:11');
INSERT INTO `comment` VALUES (24, 4, NULL, 'were[惊呆]', 1, '2021-05-04 07:30:37');
INSERT INTO `comment` VALUES (25, 4, NULL, 'dff[衰]', 1, '2021-05-04 07:31:03');
INSERT INTO `comment` VALUES (29, 4, NULL, '[爱慕][惊呆]', 1, '2021-05-04 07:31:28');
INSERT INTO `comment` VALUES (1426904828533018687, 4, NULL, '123[惊呆]', 1, '2021-08-15 21:53:14');
INSERT INTO `comment` VALUES (1426998860042997798, 4, NULL, '张三[微笑]', 1, '2021-08-16 04:06:54');
INSERT INTO `comment` VALUES (1427008372401508369, 4, NULL, '一篇文章[微笑]', 1, '2021-08-16 04:44:42');
INSERT INTO `comment` VALUES (1427008528853241903, 4, NULL, '两篇文章[微笑]', 1, '2021-08-16 04:45:19');
INSERT INTO `comment` VALUES (1428523416226373704, 4, NULL, '一篇文章\n一篇\n文章文章\n文章', 1, '2021-08-20 09:04:53');

-- ----------------------------
-- Table structure for follow
-- ----------------------------
DROP TABLE IF EXISTS `follow`;
CREATE TABLE `follow`  (
  `id` bigint(20) UNSIGNED NOT NULL,
  `from_user_id` bigint(20) NOT NULL,
  `to_user_id` bigint(20) NOT NULL,
  PRIMARY KEY (`id`) USING BTREE,
  UNIQUE INDEX `uk_follow`(`from_user_id`, `to_user_id`) USING BTREE,
  INDEX `idx_from_user_id`(`from_user_id`) USING BTREE,
  INDEX `idx_to_user_id`(`to_user_id`) USING BTREE
) ENGINE = InnoDB CHARACTER SET = utf8mb4 COLLATE = utf8mb4_unicode_ci ROW_FORMAT = Dynamic;

-- ----------------------------
-- Records of follow
-- ----------------------------
INSERT INTO `follow` VALUES (8, 1, 4);
INSERT INTO `follow` VALUES (9, 2, 4);
INSERT INTO `follow` VALUES (10, 3, 4);
INSERT INTO `follow` VALUES (14141033578904945, 4, 1);
INSERT INTO `follow` VALUES (2, 4, 2);
INSERT INTO `follow` VALUES (3, 4, 3);
INSERT INTO `follow` VALUES (1428444247706574935, 4, 6);
INSERT INTO `follow` VALUES (4, 5, 2);
INSERT INTO `follow` VALUES (5, 5, 3);
INSERT INTO `follow` VALUES (6, 6, 3);

-- ----------------------------
-- Table structure for image
-- ----------------------------
DROP TABLE IF EXISTS `image`;
CREATE TABLE `image`  (
  `id` bigint(20) UNSIGNED NOT NULL,
  `image_url` varchar(255) CHARACTER SET utf8mb4 COLLATE utf8mb4_unicode_ci NOT NULL,
  `article_id` bigint(20) UNSIGNED NOT NULL,
  PRIMARY KEY (`id`) USING BTREE,
  INDEX `idx_article_id`(`article_id`) USING BTREE
) ENGINE = InnoDB CHARACTER SET = utf8mb4 COLLATE = utf8mb4_unicode_ci ROW_FORMAT = Dynamic;

-- ----------------------------
-- Records of image
-- ----------------------------
INSERT INTO `image` VALUES (1, 'https://yitianjiang-circle.oss-cn-beijing.aliyuncs.com/image1.jpeg', 1);
INSERT INTO `image` VALUES (2, 'https://yitianjiang-circle.oss-cn-beijing.aliyuncs.com/image2.jpeg', 1);
INSERT INTO `image` VALUES (3, 'https://yitianjiang-circle.oss-cn-beijing.aliyuncs.com/image3.jpeg', 1);
INSERT INTO `image` VALUES (4, 'https://yitianjiang-circle.oss-cn-beijing.aliyuncs.com/image4.jpeg', 1);
INSERT INTO `image` VALUES (5, 'https://yitianjiang-circle.oss-cn-beijing.aliyuncs.com/image5.jpg', 1);
INSERT INTO `image` VALUES (6, 'https://yitianjiang-circle.oss-cn-beijing.aliyuncs.com/image6.jpg', 1);
INSERT INTO `image` VALUES (7, 'https://yitianjiang-circle.oss-cn-beijing.aliyuncs.com/image7.jpg', 1);
INSERT INTO `image` VALUES (8, 'https://yitianjiang-circle.oss-cn-beijing.aliyuncs.com/image8.jpg', 1);
INSERT INTO `image` VALUES (9, 'https://yitianjiang-circle.oss-cn-beijing.aliyuncs.com/image9.jpeg', 1);
INSERT INTO `image` VALUES (1419700939572379690, 'https://yitianjiang-circle.oss-cn-beijing.aliyuncs.com/UserImages/4/1627318054537/http://127.0.0.1:9000/__dev__/4084d7c4fd4f6a89b3da3b68a362a007c551a5b1/temp/20945f1fa32b7723d27634286ceac013.jpeg', 1419700938670604378);
INSERT INTO `image` VALUES (1419700939580768304, 'https://yitianjiang-circle.oss-cn-beijing.aliyuncs.com/UserImages/4/1627318054537/http://127.0.0.1:9000/__dev__/4084d7c4fd4f6a89b3da3b68a362a007c551a5b1/temp/5081209f853bfc80cd830573baad156b.jpeg', 1419700938670604378);
INSERT INTO `image` VALUES (1419700939584962580, 'https://yitianjiang-circle.oss-cn-beijing.aliyuncs.com/UserImages/4/1627318054537/http://127.0.0.1:9000/__dev__/4084d7c4fd4f6a89b3da3b68a362a007c551a5b1/temp/76db358c400e0f59f6ceaf43dcccd7e4.jpeg', 1419700938670604378);
INSERT INTO `image` VALUES (1420137542530891811, 'https://yitianjiang-circle.oss-cn-beijing.aliyuncs.com/UserImages/4/1627422149116/http://127.0.0.1:9000/__dev__/4084d7c4fd4f6a89b3da3b68a362a007c551a5b1/temp/7f8ffe258c125d913f1f093b5a4360c4.jpeg', 1420137542484754436);
INSERT INTO `image` VALUES (1420137542539280474, 'https://yitianjiang-circle.oss-cn-beijing.aliyuncs.com/UserImages/4/1627422149116/http://127.0.0.1:9000/__dev__/4084d7c4fd4f6a89b3da3b68a362a007c551a5b1/temp/20945f1fa32b7723d27634286ceac013.jpeg', 1420137542484754436);
INSERT INTO `image` VALUES (1420137542547669032, 'https://yitianjiang-circle.oss-cn-beijing.aliyuncs.com/UserImages/4/1627422149116/http://127.0.0.1:9000/__dev__/4084d7c4fd4f6a89b3da3b68a362a007c551a5b1/temp/5081209f853bfc80cd830573baad156b.jpeg', 1420137542484754436);
INSERT INTO `image` VALUES (1420477575968325705, 'https://yitianjiang-circle.oss-cn-beijing.aliyuncs.com/UserImages/4/1627503218524/http://127.0.0.1:9000/__dev__/4084d7c4fd4f6a89b3da3b68a362a007c551a5b1/temp/7f8ffe258c125d913f1f093b5a4360c4.jpeg', 1420477574370295821);
INSERT INTO `image` VALUES (1420477575976714306, 'https://yitianjiang-circle.oss-cn-beijing.aliyuncs.com/UserImages/4/1627503218524/http://127.0.0.1:9000/__dev__/4084d7c4fd4f6a89b3da3b68a362a007c551a5b1/temp/20945f1fa32b7723d27634286ceac013.jpeg', 1420477574370295821);
INSERT INTO `image` VALUES (1420477575980908633, 'https://yitianjiang-circle.oss-cn-beijing.aliyuncs.com/UserImages/4/1627503218524/http://127.0.0.1:9000/__dev__/4084d7c4fd4f6a89b3da3b68a362a007c551a5b1/temp/5081209f853bfc80cd830573baad156b.jpeg', 1420477574370295821);
INSERT INTO `image` VALUES (1420477575985102873, 'https://yitianjiang-circle.oss-cn-beijing.aliyuncs.com/UserImages/4/1627503218524/http://127.0.0.1:9000/__dev__/4084d7c4fd4f6a89b3da3b68a362a007c551a5b1/temp/76db358c400e0f59f6ceaf43dcccd7e4.jpeg', 1420477574370295821);
INSERT INTO `image` VALUES (1421560982634758151, 'https://yitianjiang-circle.oss-cn-beijing.aliyuncs.com/UserImages/4/1627761523469/http://127.0.0.1:9000/__dev__/4084d7c4fd4f6a89b3da3b68a362a007c551a5b1/temp/76db358c400e0f59f6ceaf43dcccd7e4.jpeg', 1421560981443575847);

-- ----------------------------
-- Table structure for like
-- ----------------------------
DROP TABLE IF EXISTS `like`;
CREATE TABLE `like`  (
  `id` bigint(20) UNSIGNED NOT NULL,
  `comment_id` bigint(20) UNSIGNED NULL DEFAULT NULL,
  `article_id` bigint(20) UNSIGNED NULL DEFAULT NULL,
  `user_id` bigint(20) UNSIGNED NOT NULL,
  PRIMARY KEY (`id`) USING BTREE,
  UNIQUE INDEX `uk_articleId_userId`(`article_id`, `user_id`) USING BTREE,
  UNIQUE INDEX `uk_commentId_userId`(`comment_id`, `user_id`) USING BTREE,
  INDEX `idx_user_id`(`user_id`) USING BTREE
) ENGINE = InnoDB CHARACTER SET = utf8mb4 COLLATE = utf8mb4_unicode_ci ROW_FORMAT = Dynamic;

-- ----------------------------
-- Records of like
-- ----------------------------
INSERT INTO `like` VALUES (2, NULL, 2, 4);
INSERT INTO `like` VALUES (3, NULL, 6, 5);
INSERT INTO `like` VALUES (4, NULL, 7, 5);
INSERT INTO `like` VALUES (5, NULL, 9, 6);
INSERT INTO `like` VALUES (6, NULL, 10, 6);
INSERT INTO `like` VALUES (7, 1, NULL, 7);
INSERT INTO `like` VALUES (8, 2, NULL, 8);
INSERT INTO `like` VALUES (9, NULL, 1, 9);
INSERT INTO `like` VALUES (10, NULL, 2, 10);
INSERT INTO `like` VALUES (26, NULL, 3, 4);
INSERT INTO `like` VALUES (38, NULL, 4, 4);
INSERT INTO `like` VALUES (46, NULL, 11, 4);
INSERT INTO `like` VALUES (49, NULL, 8, 4);
INSERT INTO `like` VALUES (50, NULL, 5, 4);
INSERT INTO `like` VALUES (1427004959047553094, NULL, 1, 4);

-- ----------------------------
-- Table structure for user
-- ----------------------------
DROP TABLE IF EXISTS `user`;
CREATE TABLE `user`  (
  `id` bigint(20) UNSIGNED NOT NULL,
  `name` varchar(255) CHARACTER SET utf8mb4 COLLATE utf8mb4_unicode_ci NULL DEFAULT NULL,
  `avatar_url` varchar(255) CHARACTER SET utf8mb4 COLLATE utf8mb4_unicode_ci NULL DEFAULT NULL,
  `introduction` varchar(255) CHARACTER SET utf8mb4 COLLATE utf8mb4_unicode_ci NULL DEFAULT '',
  `password` varchar(255) CHARACTER SET utf8mb4 COLLATE utf8mb4_unicode_ci NULL DEFAULT NULL,
  `create_time` datetime(0) NOT NULL DEFAULT CURRENT_TIMESTAMP,
  `status` int(1) UNSIGNED NOT NULL DEFAULT 1,
  `phone` varchar(255) CHARACTER SET utf8mb4 COLLATE utf8mb4_unicode_ci NULL DEFAULT NULL,
  `email` varchar(255) CHARACTER SET utf8mb4 COLLATE utf8mb4_unicode_ci NULL DEFAULT NULL,
  PRIMARY KEY (`id`) USING BTREE,
  UNIQUE INDEX `uk_name`(`name`) USING BTREE COMMENT '用户名唯一'
) ENGINE = InnoDB CHARACTER SET = utf8mb4 COLLATE = utf8mb4_unicode_ci ROW_FORMAT = Dynamic;

-- ----------------------------
-- Records of user
-- ----------------------------
INSERT INTO `user` VALUES (1, '蒋一天', 'https://yitianjiang-circle.oss-cn-beijing.aliyuncs.com/avatars/default.jpg', '我是JiangYitian', '123456', '2021-05-29 13:27:45', 1, '', NULL);
INSERT INTO `user` VALUES (2, '余文艳', 'https://yitianjiang-circle.oss-cn-beijing.aliyuncs.com/avatars/yuwenyan.jpeg', '我是燕文鱼', '', '2021-05-29 13:27:45', 1, '', NULL);
INSERT INTO `user` VALUES (3, '张凯旋', 'https://yitianjiang-circle.oss-cn-beijing.aliyuncs.com/avatars/zhangkaixuan.jpeg', '我是凯旋张', '', '2021-05-29 13:27:45', 1, '', NULL);
INSERT INTO `user` VALUES (4, '张三', 'https://yitianjiang-circle.oss-cn-beijing.aliyuncs.com/UserAvatars/4/http://127.0.0.1:9000/__dev__/4084d7c4fd4f6a89b3da3b68a362a007c551a5b1/temp/894b1854253d50d8f2c849c4a41c36f5.jpeg', '张三13', '$2a$10$BNroYKDhvyfikQ05zdk5HOAKOWGcHxrCHaY02aq6vRZmaCZtaJGSy', '2021-05-29 13:27:45', 1, '', NULL);
INSERT INTO `user` VALUES (5, '李四', 'https://yitianjiang-circle.oss-cn-beijing.aliyuncs.com/avatars/lisi.jpeg', NULL, '', '2021-05-29 13:27:45', 1, '', NULL);
INSERT INTO `user` VALUES (6, '王五', 'https://yitianjiang-circle.oss-cn-beijing.aliyuncs.com/avatars/wangwu.jpeg', '我是王五', '', '2021-05-29 13:27:45', 1, '', NULL);
INSERT INTO `user` VALUES (7, '赵六', 'https://yitianjiang-circle.oss-cn-beijing.aliyuncs.com/avatars/zhaoliu.jpeg', NULL, '', '2021-05-29 13:27:45', 1, '', NULL);
INSERT INTO `user` VALUES (8, '郑七', 'https://yitianjiang-circle.oss-cn-beijing.aliyuncs.com/avatars/zhenqi.jpeg', NULL, '', '2021-05-29 13:27:45', 1, '', NULL);
INSERT INTO `user` VALUES (9, '刘八', 'https://yitianjiang-circle.oss-cn-beijing.aliyuncs.com/avatars/liuba.jpeg', NULL, '', '2021-05-29 13:27:45', 1, '', NULL);
INSERT INTO `user` VALUES (10, '吴九', 'https://yitianjiang-circle.oss-cn-beijing.aliyuncs.com/avatars/wujiu.jpeg', NULL, '', '2021-05-29 13:27:45', 1, '', NULL);
INSERT INTO `user` VALUES (11, '罗十', 'https://yitianjiang-circle.oss-cn-beijing.aliyuncs.com/avatars/luoshi.jpeg', NULL, '', '2021-05-29 13:27:45', 1, '', NULL);
INSERT INTO `user` VALUES (1401818700771754000, 'test', 'https://yitianjiang-circle.oss-cn-beijing.aliyuncs.com/default-avatar.png', '张三11', '$2a$10$rGIUSYc/aWvU9OfV4ymSk.rgK1PbYTJHQmOyCwGZO4Qarakgfpy7C', '2021-06-07 16:29:58', 1, NULL, NULL);
INSERT INTO `user` VALUES (1403603532371722297, 'test1', 'https://yitianjiang-circle.oss-cn-beijing.aliyuncs.com/default-avatar.png', NULL, '$2a$10$GxlWz4P1qHSSV.GvILRPh.5Afptv.BxGRA4IyD.T.qQkfb.1ZIlru', '2021-06-12 14:42:15', 1, NULL, NULL);
INSERT INTO `user` VALUES (1403605916149874779, 'test11', 'https://yitianjiang-circle.oss-cn-beijing.aliyuncs.com/default-avatar.png', NULL, '$2a$10$wc4AFqnzhQCz.zWFHgaeU.s00FR93nxBTJcTI0RpWtsmVlqi7y0ZK', '2021-06-12 14:51:43', 1, NULL, NULL);
INSERT INTO `user` VALUES (1403606376172748812, 'test3', 'https://yitianjiang-circle.oss-cn-beijing.aliyuncs.com/default-avatar.png', NULL, '$2a$10$R/honKE3vbaGflGdVzbnIO5U2YPdgSk6tN4kgW9vezC3At1j7UoMW', '2021-06-12 14:53:33', 1, NULL, NULL);
INSERT INTO `user` VALUES (1403609340723593295, 'test4', 'https://yitianjiang-circle.oss-cn-beijing.aliyuncs.com/default-avatar.png', NULL, '$2a$10$6K8Mg9aE4hAwA70nKYtYdeWCa910ZzrGuS6lywRh827ESMabuQzCi', '2021-06-12 15:05:19', 1, NULL, NULL);
INSERT INTO `user` VALUES (1403610083270590531, 'test5', 'https://yitianjiang-circle.oss-cn-beijing.aliyuncs.com/default-avatar.png', NULL, '$2a$10$tKMdae/WZxVpVjVUpwrPcehyGDRyfOL8GtbnfFle.0irT37ua9vhG', '2021-06-12 15:08:16', 1, NULL, NULL);
INSERT INTO `user` VALUES (1403612372211335191, 'test6', 'https://yitianjiang-circle.oss-cn-beijing.aliyuncs.com/default-avatar.png', NULL, '$2a$10$rNFrXaxgN3v4SCIA7COCK.50fg/eaZI1ZBWwl4IVkcVjulCPtGgnO', '2021-06-12 15:17:22', 1, NULL, NULL);
INSERT INTO `user` VALUES (1403613153647919146, 'test7', 'https://yitianjiang-circle.oss-cn-beijing.aliyuncs.com/default-avatar.png', NULL, '$2a$10$SxBX3ZuNkVYeurl5iD4jmOULLdvRjjz0eRIx4wh5HaHqRTF0q0qzC', '2021-06-12 15:20:28', 1, NULL, NULL);
INSERT INTO `user` VALUES (1403613609631678534, 'test8', 'https://yitianjiang-circle.oss-cn-beijing.aliyuncs.com/default-avatar.png', NULL, '$2a$10$LpVtApk3X4l65BZAb4YyDee873gQYPQ8mtlqtGOY0FApcUxAInuSm', '2021-06-12 15:22:17', 1, NULL, NULL);
INSERT INTO `user` VALUES (1403613954344747091, 'test9', 'https://yitianjiang-circle.oss-cn-beijing.aliyuncs.com/default-avatar.png', NULL, '$2a$10$./ZWXjmylddb.1T.fpP2Su1lWYQ7mcEvObZ5eDzRMxZZkZP5TJz4e', '2021-06-12 15:23:39', 1, NULL, NULL);
INSERT INTO `user` VALUES (1403614685013475405, 'test10', 'https://yitianjiang-circle.oss-cn-beijing.aliyuncs.com/default-avatar.png', NULL, '$2a$10$MjIoPQxejWj1KyrphPY0b.M4NyOAVK7B.gQJTPjwOmowCReg93duK', '2021-06-12 15:26:34', 1, NULL, NULL);
INSERT INTO `user` VALUES (1403615023326036031, 'test12', 'https://yitianjiang-circle.oss-cn-beijing.aliyuncs.com/default-avatar.png', NULL, '$2a$10$EODZHoAbjjZnaXtQuIzXee.Tpz/bAUiQrG1y5jzSOUe6jlbwtoI/m', '2021-06-12 15:27:54', 1, NULL, NULL);
INSERT INTO `user` VALUES (1403617341371056221, 'test13', 'https://yitianjiang-circle.oss-cn-beijing.aliyuncs.com/default-avatar.png', NULL, '$2a$10$ZVGbZbl6ebQZlbEXQuD1X.v8Z2uBYQh5aQH06.8fJ2Cvb9VkA4uGa', '2021-06-12 15:37:07', 1, NULL, NULL);
INSERT INTO `user` VALUES (1403617820180217909, 'test14', 'https://yitianjiang-circle.oss-cn-beijing.aliyuncs.com/default-avatar.png', '', '$2a$10$48GmRXZG.CHf9sTxqzFGdOpH5.AxAcwB02KuK7kj6UITsXyMXJYXu', '2021-06-12 15:39:01', 1, NULL, NULL);
INSERT INTO `user` VALUES (1403618620117876782, 'test15', 'https://yitianjiang-circle.oss-cn-beijing.aliyuncs.com/default-avatar.png', NULL, '$2a$10$tgSjoxloUk9BkGrHadrhDOLcrWZIe4ZQXDG/BbFHEv0U6ui/36lJq', '2021-06-12 15:42:12', 1, NULL, NULL);
INSERT INTO `user` VALUES (1403618839500947509, 'test16', 'https://yitianjiang-circle.oss-cn-beijing.aliyuncs.com/default-avatar.png', NULL, '$2a$10$erqvde4ZhjYxGzX/7OhAseAL0eBukt5eFjekzUy4XbFEJl2CdxY9O', '2021-06-12 15:43:04', 1, NULL, NULL);

-- ----------------------------
-- Table structure for user_login_log
-- ----------------------------
DROP TABLE IF EXISTS `user_login_log`;
CREATE TABLE `user_login_log`  (
  `id` bigint(20) NOT NULL,
  `user_id` bigint(20) NOT NULL,
  `create_time` datetime(0) NOT NULL DEFAULT CURRENT_TIMESTAMP,
  `ip` varchar(255) CHARACTER SET utf8mb4 COLLATE utf8mb4_unicode_ci NOT NULL,
  PRIMARY KEY (`id`) USING BTREE,
  INDEX `idx_user_id`(`user_id`) USING BTREE
) ENGINE = InnoDB CHARACTER SET = utf8mb4 COLLATE = utf8mb4_unicode_ci ROW_FORMAT = Dynamic;

-- ----------------------------
-- Records of user_login_log
-- ----------------------------
INSERT INTO `user_login_log` VALUES (1401857057140768768, 1401818700771754000, '2021-06-07 19:02:22', '10.0.0.220');
INSERT INTO `user_login_log` VALUES (1401858806815653942, 1401818700771754000, '2021-06-07 19:09:19', '10.0.0.220');
INSERT INTO `user_login_log` VALUES (1401860490539302990, 1401818700771754000, '2021-06-07 19:16:01', '10.0.0.220');
INSERT INTO `user_login_log` VALUES (1403288360667054105, 1401818700771754000, '2021-06-11 17:49:52', '10.0.0.220');
INSERT INTO `user_login_log` VALUES (1403404064946913333, 1401818700771754000, '2021-06-12 01:29:38', '10.0.0.220');
INSERT INTO `user_login_log` VALUES (1403409307000635405, 1401818700771754000, '2021-06-12 01:50:28', '10.0.0.220');
INSERT INTO `user_login_log` VALUES (1403411064397234210, 1401818700771754000, '2021-06-12 01:57:27', '10.0.0.220');
INSERT INTO `user_login_log` VALUES (1403416136703279179, 1401818700771754000, '2021-06-12 02:17:36', '10.0.0.220');
INSERT INTO `user_login_log` VALUES (1403420873838297155, 1401818700771754000, '2021-06-12 02:36:25', '10.0.0.220');
INSERT INTO `user_login_log` VALUES (1403421399527194662, 1401818700771754000, '2021-06-12 02:38:31', '10.0.0.220');
INSERT INTO `user_login_log` VALUES (1403422288228909060, 1401818700771754000, '2021-06-12 02:42:03', '10.0.0.220');
INSERT INTO `user_login_log` VALUES (1403423616443351099, 1401818700771754000, '2021-06-12 02:47:19', '10.0.0.220');
INSERT INTO `user_login_log` VALUES (1403603537807540318, 1403603532371722297, '2021-06-12 14:42:16', '10.0.0.220');
INSERT INTO `user_login_log` VALUES (1403605918200889376, 1403605916149874779, '2021-06-12 14:51:43', '10.0.0.220');
INSERT INTO `user_login_log` VALUES (1403606378035019867, 1403606376172748812, '2021-06-12 14:53:33', '10.0.0.220');
INSERT INTO `user_login_log` VALUES (1403609342736859229, 1403609340723593295, '2021-06-12 15:05:20', '10.0.0.220');
INSERT INTO `user_login_log` VALUES (1403610085174804550, 1403610083270590531, '2021-06-12 15:08:17', '10.0.0.220');
INSERT INTO `user_login_log` VALUES (1403612373897445447, 1403612372030980140, '2021-06-12 15:17:22', '10.0.0.220');
INSERT INTO `user_login_log` VALUES (1403612374123937843, 1403612372030980140, '2021-06-12 15:17:23', '10.0.0.220');
INSERT INTO `user_login_log` VALUES (1403613155539550226, 1403613153647919146, '2021-06-12 15:20:29', '10.0.0.220');
INSERT INTO `user_login_log` VALUES (1403613611418452046, 1403613609631678534, '2021-06-12 15:22:18', '10.0.0.220');
INSERT INTO `user_login_log` VALUES (1403613956139909160, 1403613954344747091, '2021-06-12 15:23:40', '10.0.0.220');
INSERT INTO `user_login_log` VALUES (1403614686817026123, 1403614685013475405, '2021-06-12 15:26:34', '10.0.0.220');
INSERT INTO `user_login_log` VALUES (1403615025104420872, 1403615023326036031, '2021-06-12 15:27:55', '10.0.0.220');
INSERT INTO `user_login_log` VALUES (1403621948923052128, 1403613153647919146, '2021-06-12 15:55:25', '10.0.0.220');
INSERT INTO `user_login_log` VALUES (1403670841715064846, 1403617820180217909, '2021-06-12 19:09:42', '10.0.0.220');
INSERT INTO `user_login_log` VALUES (1403678055481737288, 1403606376172748812, '2021-06-12 19:38:22', '10.0.0.220');
INSERT INTO `user_login_log` VALUES (1403678300726886472, 1403609340723593295, '2021-06-12 19:39:21', '10.0.0.220');
INSERT INTO `user_login_log` VALUES (1403686293216428129, 1403610083270590531, '2021-06-12 20:11:06', '10.0.0.220');
INSERT INTO `user_login_log` VALUES (1403689439917506652, 1403610083270590531, '2021-06-12 20:23:36', '10.0.0.220');
INSERT INTO `user_login_log` VALUES (1403709903423406177, 1401818700771754000, '2021-06-12 21:44:55', '10.0.0.220');
INSERT INTO `user_login_log` VALUES (1403710386993102930, 1401818700771754000, '2021-06-12 21:46:51', '10.0.0.220');
INSERT INTO `user_login_log` VALUES (1403712210265440353, 1401818700771754000, '2021-06-12 21:54:05', '10.0.0.220');
INSERT INTO `user_login_log` VALUES (1403716796371959854, 1401818700771754000, '2021-06-12 22:12:19', '10.0.0.220');
INSERT INTO `user_login_log` VALUES (1403717261637713928, 1401818700771754000, '2021-06-12 22:14:10', '10.0.0.220');
INSERT INTO `user_login_log` VALUES (1403717923146563601, 1401818700771754000, '2021-06-12 22:16:47', '10.0.0.220');
INSERT INTO `user_login_log` VALUES (1403729644066177043, 1401818700771754000, '2021-06-12 23:03:22', '10.0.0.220');
INSERT INTO `user_login_log` VALUES (1403729753243910187, 1401818700771754000, '2021-06-12 23:03:48', '10.0.0.220');
INSERT INTO `user_login_log` VALUES (1403923443426000978, 1401818700771754000, '2021-06-13 11:53:27', '10.0.0.220');
INSERT INTO `user_login_log` VALUES (1403927869893115980, 1401818700771754000, '2021-06-13 12:11:03', '10.0.0.220');
INSERT INTO `user_login_log` VALUES (1413546956034146334, 1401818700771754000, '2021-07-10 01:13:51', '10.0.0.220');
INSERT INTO `user_login_log` VALUES (1413551080003862536, 4, '2021-07-10 01:30:15', '10.0.0.220');
INSERT INTO `user_login_log` VALUES (1413779996060680266, 1401818700771754000, '2021-07-10 16:39:52', '10.0.0.220');
INSERT INTO `user_login_log` VALUES (1413781964816646192, 1401818700771754000, '2021-07-10 16:47:42', '10.0.0.220');
INSERT INTO `user_login_log` VALUES (1413786335050727480, 1401818700771754000, '2021-07-10 17:05:04', '10.0.0.220');
INSERT INTO `user_login_log` VALUES (1413787165741023272, 1401818700771754000, '2021-07-10 17:08:22', '10.0.0.220');
INSERT INTO `user_login_log` VALUES (1413788283359461432, 1401818700771754000, '2021-07-10 17:12:48', '10.0.0.220');
INSERT INTO `user_login_log` VALUES (1413789450193862704, 1401818700771754000, '2021-07-10 17:17:27', '10.0.0.220');
INSERT INTO `user_login_log` VALUES (1413791001855655947, 1401818700771754000, '2021-07-10 17:23:36', '10.0.0.220');
INSERT INTO `user_login_log` VALUES (1413797941956575282, 1401818700771754000, '2021-07-10 17:51:11', '10.0.0.220');
INSERT INTO `user_login_log` VALUES (1413798448724967452, 1401818700771754000, '2021-07-10 17:53:12', '10.0.0.220');
INSERT INTO `user_login_log` VALUES (1413800275222724611, 1401818700771754000, '2021-07-10 18:00:27', '10.0.0.220');
INSERT INTO `user_login_log` VALUES (1413800528135061575, 4, '2021-07-10 18:01:28', '10.0.0.220');
INSERT INTO `user_login_log` VALUES (1413804216199151654, 4, '2021-07-10 18:16:07', '10.0.0.220');
INSERT INTO `user_login_log` VALUES (1413804957047455803, 4, '2021-07-10 18:19:04', '10.0.0.220');
INSERT INTO `user_login_log` VALUES (1413805298245697631, 4, '2021-07-10 18:20:25', '10.0.0.220');
INSERT INTO `user_login_log` VALUES (1413806144480083970, 4, '2021-07-10 18:23:47', '10.0.0.220');
INSERT INTO `user_login_log` VALUES (1413807747933143120, 4, '2021-07-10 18:30:09', '10.0.0.220');
INSERT INTO `user_login_log` VALUES (1413808593190256663, 4, '2021-07-10 18:33:31', '10.0.0.220');
INSERT INTO `user_login_log` VALUES (1413809178924810247, 4, '2021-07-10 18:35:50', '10.0.0.220');
INSERT INTO `user_login_log` VALUES (1413809853771546625, 4, '2021-07-10 18:38:31', '10.0.0.220');
INSERT INTO `user_login_log` VALUES (1413811828739276886, 4, '2021-07-10 18:46:22', '10.0.0.220');
INSERT INTO `user_login_log` VALUES (1413812218377535585, 4, '2021-07-10 18:47:55', '10.0.0.220');
INSERT INTO `user_login_log` VALUES (1413812909917601792, 4, '2021-07-10 18:50:40', '10.0.0.220');
INSERT INTO `user_login_log` VALUES (1413813220900077666, 4, '2021-07-10 18:51:54', '10.0.0.220');
INSERT INTO `user_login_log` VALUES (1413815440769024027, 4, '2021-07-10 19:00:43', '10.0.0.220');
INSERT INTO `user_login_log` VALUES (1413820556079267862, 4, '2021-07-10 19:21:03', '10.0.0.220');
INSERT INTO `user_login_log` VALUES (1413821270646063170, 4, '2021-07-10 19:23:53', '10.0.0.220');
INSERT INTO `user_login_log` VALUES (1413822690250195022, 4, '2021-07-10 19:29:32', '10.0.0.220');
INSERT INTO `user_login_log` VALUES (1413823348969832509, 4, '2021-07-10 19:32:09', '10.0.0.220');
INSERT INTO `user_login_log` VALUES (1413823558294962186, 4, '2021-07-10 19:32:59', '10.0.0.220');
INSERT INTO `user_login_log` VALUES (1413826252011208722, 4, '2021-07-10 19:43:41', '10.0.0.220');
INSERT INTO `user_login_log` VALUES (1413827897134678115, 4, '2021-07-10 19:50:13', '10.0.0.220');
INSERT INTO `user_login_log` VALUES (1413828611311403046, 4, '2021-07-10 19:53:03', '10.0.0.220');
INSERT INTO `user_login_log` VALUES (1413829021443031112, 4, '2021-07-10 19:54:41', '10.0.0.220');
INSERT INTO `user_login_log` VALUES (1413829317749637202, 4, '2021-07-10 19:55:52', '10.0.0.220');
INSERT INTO `user_login_log` VALUES (1413830525386227742, 4, '2021-07-10 20:00:40', '10.0.0.220');
INSERT INTO `user_login_log` VALUES (1413830813648158736, 4, '2021-07-10 20:01:48', '10.0.0.220');
INSERT INTO `user_login_log` VALUES (1413834140666560562, 4, '2021-07-10 20:15:02', '10.0.0.220');
INSERT INTO `user_login_log` VALUES (1413834562277998657, 4, '2021-07-10 20:16:42', '10.0.0.220');
INSERT INTO `user_login_log` VALUES (1413835231277875254, 4, '2021-07-10 20:19:22', '10.0.0.220');
INSERT INTO `user_login_log` VALUES (1413835446684745730, 4, '2021-07-10 20:20:13', '10.0.0.220');
INSERT INTO `user_login_log` VALUES (1413837887006310445, 4, '2021-07-10 20:29:55', '10.0.0.220');
INSERT INTO `user_login_log` VALUES (1413838599136215137, 4, '2021-07-10 20:32:45', '10.0.0.220');
INSERT INTO `user_login_log` VALUES (1413839017589342301, 4, '2021-07-10 20:34:24', '10.0.0.220');
INSERT INTO `user_login_log` VALUES (1413840041251176523, 4, '2021-07-10 20:38:28', '10.0.0.220');
INSERT INTO `user_login_log` VALUES (1413840278954967071, 4, '2021-07-10 20:39:25', '10.0.0.220');
INSERT INTO `user_login_log` VALUES (1413840599462707251, 4, '2021-07-10 20:40:41', '10.0.0.220');
INSERT INTO `user_login_log` VALUES (1413841160874491940, 4, '2021-07-10 20:42:55', '10.0.0.220');
INSERT INTO `user_login_log` VALUES (1413841421730840637, 4, '2021-07-10 20:43:58', '10.0.0.220');
INSERT INTO `user_login_log` VALUES (1413841650756616205, 4, '2021-07-10 20:44:52', '10.0.0.220');
INSERT INTO `user_login_log` VALUES (1413841964406669318, 4, '2021-07-10 20:46:07', '10.0.0.220');
INSERT INTO `user_login_log` VALUES (1413842010938277899, 4, '2021-07-10 20:46:18', '10.0.0.220');
INSERT INTO `user_login_log` VALUES (1413848127617630246, 4, '2021-07-10 21:10:36', '10.0.0.220');
INSERT INTO `user_login_log` VALUES (1413848197331157036, 4, '2021-07-10 21:10:53', '10.0.0.220');
INSERT INTO `user_login_log` VALUES (1413848632364367893, 4, '2021-07-10 21:12:37', '10.0.0.220');
INSERT INTO `user_login_log` VALUES (1413849610551558227, 4, '2021-07-10 21:16:30', '10.0.0.220');
INSERT INTO `user_login_log` VALUES (1413850574230650889, 4, '2021-07-10 21:20:20', '10.0.0.220');
INSERT INTO `user_login_log` VALUES (1413850884823056400, 4, '2021-07-10 21:21:34', '10.0.0.220');
INSERT INTO `user_login_log` VALUES (1413852795424997379, 4, '2021-07-10 21:29:09', '10.0.0.220');
INSERT INTO `user_login_log` VALUES (1413853232760881212, 4, '2021-07-10 21:30:53', '10.0.0.220');
INSERT INTO `user_login_log` VALUES (1413853713944019004, 4, '2021-07-10 21:32:48', '10.0.0.220');
INSERT INTO `user_login_log` VALUES (1413854283404673079, 4, '2021-07-10 21:35:04', '10.0.0.220');
INSERT INTO `user_login_log` VALUES (1413855626487922693, 4, '2021-07-10 21:40:24', '10.0.0.220');
INSERT INTO `user_login_log` VALUES (1413855907741171768, 4, '2021-07-10 21:41:31', '10.0.0.220');
INSERT INTO `user_login_log` VALUES (1413855948690161711, 4, '2021-07-10 21:41:41', '10.0.0.220');
INSERT INTO `user_login_log` VALUES (1413856150025142367, 4, '2021-07-10 21:42:29', '10.0.0.220');
INSERT INTO `user_login_log` VALUES (1413856190416289851, 4, '2021-07-10 21:42:39', '10.0.0.220');
INSERT INTO `user_login_log` VALUES (1413856650749542409, 4, '2021-07-10 21:44:28', '10.0.0.220');
INSERT INTO `user_login_log` VALUES (1413856793628508256, 4, '2021-07-10 21:45:02', '10.0.0.220');
INSERT INTO `user_login_log` VALUES (1413857070695841871, 4, '2021-07-10 21:46:09', '10.0.0.220');
INSERT INTO `user_login_log` VALUES (1413857103377858563, 4, '2021-07-10 21:46:16', '10.0.0.220');
INSERT INTO `user_login_log` VALUES (1413858934996860947, 4, '2021-07-10 21:53:33', '10.0.0.220');
INSERT INTO `user_login_log` VALUES (1413859196239085590, 4, '2021-07-10 21:54:35', '10.0.0.220');
INSERT INTO `user_login_log` VALUES (1413859333157945441, 4, '2021-07-10 21:55:08', '10.0.0.220');
INSERT INTO `user_login_log` VALUES (1413860955565064279, 4, '2021-07-10 22:01:35', '10.0.0.220');
INSERT INTO `user_login_log` VALUES (1413861103921791072, 4, '2021-07-10 22:02:10', '10.0.0.220');
INSERT INTO `user_login_log` VALUES (1413861134280163345, 4, '2021-07-10 22:02:17', '10.0.0.220');
INSERT INTO `user_login_log` VALUES (1413861719905665062, 4, '2021-07-10 22:04:37', '10.0.0.220');
INSERT INTO `user_login_log` VALUES (1413862448636624954, 4, '2021-07-10 22:07:31', '10.0.0.220');
INSERT INTO `user_login_log` VALUES (1413862710411526153, 4, '2021-07-10 22:08:33', '10.0.0.220');
INSERT INTO `user_login_log` VALUES (1413863073122353175, 4, '2021-07-10 22:10:00', '10.0.0.220');
INSERT INTO `user_login_log` VALUES (1413864632610717787, 4, '2021-07-10 22:16:11', '10.0.0.220');
INSERT INTO `user_login_log` VALUES (1413864789456715811, 4, '2021-07-10 22:16:49', '10.0.0.220');
INSERT INTO `user_login_log` VALUES (1414019175176732712, 4, '2021-07-11 08:30:17', '10.0.0.220');
INSERT INTO `user_login_log` VALUES (1414020290018541653, 4, '2021-07-11 08:34:43', '10.0.0.220');
INSERT INTO `user_login_log` VALUES (1414020505303777307, 4, '2021-07-11 08:35:34', '10.0.0.220');
INSERT INTO `user_login_log` VALUES (1414023857970348097, 4, '2021-07-11 08:48:54', '10.0.0.220');
INSERT INTO `user_login_log` VALUES (1414024876821315584, 4, '2021-07-11 08:52:57', '10.0.0.220');
INSERT INTO `user_login_log` VALUES (1414026759963148384, 4, '2021-07-11 09:00:26', '10.0.0.220');
INSERT INTO `user_login_log` VALUES (1414027426899427386, 4, '2021-07-11 09:03:05', '10.0.0.220');
INSERT INTO `user_login_log` VALUES (1414027977439576143, 4, '2021-07-11 09:05:16', '10.0.0.220');
INSERT INTO `user_login_log` VALUES (1414028669386489930, 4, '2021-07-11 09:08:01', '10.0.0.220');
INSERT INTO `user_login_log` VALUES (1414028710712967255, 4, '2021-07-11 09:08:11', '10.0.0.220');
INSERT INTO `user_login_log` VALUES (1414034752201031700, 4, '2021-07-11 09:32:11', '10.0.0.220');
INSERT INTO `user_login_log` VALUES (1414034948616093720, 4, '2021-07-11 09:32:58', '10.0.0.220');
INSERT INTO `user_login_log` VALUES (1414035405983973393, 4, '2021-07-11 09:34:47', '10.0.0.220');
INSERT INTO `user_login_log` VALUES (1414035728135880803, 4, '2021-07-11 09:36:04', '10.0.0.220');
INSERT INTO `user_login_log` VALUES (1414036032197754909, 4, '2021-07-11 09:37:16', '10.0.0.220');
INSERT INTO `user_login_log` VALUES (1414037245727342691, 4, '2021-07-11 09:42:06', '10.0.0.220');
INSERT INTO `user_login_log` VALUES (1414037657683492940, 4, '2021-07-11 09:43:44', '10.0.0.220');
INSERT INTO `user_login_log` VALUES (1414037843851870219, 4, '2021-07-11 09:44:28', '10.0.0.220');
INSERT INTO `user_login_log` VALUES (1414038467918168117, 4, '2021-07-11 09:46:57', '10.0.0.220');
INSERT INTO `user_login_log` VALUES (1414038531122135135, 4, '2021-07-11 09:47:12', '10.0.0.220');
INSERT INTO `user_login_log` VALUES (1414042073849397340, 4, '2021-07-11 10:01:17', '10.0.0.220');
INSERT INTO `user_login_log` VALUES (1414042785002029129, 4, '2021-07-11 10:04:06', '10.0.0.220');
INSERT INTO `user_login_log` VALUES (1414044124167798851, 4, '2021-07-11 10:09:26', '10.0.0.220');
INSERT INTO `user_login_log` VALUES (1414044704021938233, 4, '2021-07-11 10:11:44', '10.0.0.220');
INSERT INTO `user_login_log` VALUES (1414044946628870214, 4, '2021-07-11 10:12:42', '10.0.0.220');
INSERT INTO `user_login_log` VALUES (1414045468656140385, 4, '2021-07-11 10:14:46', '10.0.0.220');
INSERT INTO `user_login_log` VALUES (1414046135617585163, 4, '2021-07-11 10:17:25', '10.0.0.220');
INSERT INTO `user_login_log` VALUES (1414046343608926239, 4, '2021-07-11 10:18:15', '10.0.0.220');
INSERT INTO `user_login_log` VALUES (1414046806169354256, 4, '2021-07-11 10:20:05', '10.0.0.220');
INSERT INTO `user_login_log` VALUES (1414047192204705878, 4, '2021-07-11 10:21:37', '10.0.0.220');
INSERT INTO `user_login_log` VALUES (1414047543540580381, 4, '2021-07-11 10:23:01', '10.0.0.220');
INSERT INTO `user_login_log` VALUES (1414047903449612336, 4, '2021-07-11 10:24:27', '10.0.0.220');
INSERT INTO `user_login_log` VALUES (1414048707317334103, 4, '2021-07-11 10:27:38', '10.0.0.220');
INSERT INTO `user_login_log` VALUES (1414049506894282759, 4, '2021-07-11 10:30:49', '10.0.0.220');
INSERT INTO `user_login_log` VALUES (1414050457449398338, 4, '2021-07-11 10:34:36', '10.0.0.220');
INSERT INTO `user_login_log` VALUES (1414051176206303253, 4, '2021-07-11 10:37:27', '10.0.0.220');
INSERT INTO `user_login_log` VALUES (1414052031315836968, 4, '2021-07-11 10:40:51', '10.0.0.220');
INSERT INTO `user_login_log` VALUES (1414052151998545993, 4, '2021-07-11 10:41:20', '10.0.0.220');
INSERT INTO `user_login_log` VALUES (1414054128102932533, 4, '2021-07-11 10:49:11', '10.0.0.220');
INSERT INTO `user_login_log` VALUES (1414054714454048832, 4, '2021-07-11 10:51:30', '10.0.0.220');
INSERT INTO `user_login_log` VALUES (1414054889411051616, 4, '2021-07-11 10:52:12', '10.0.0.220');
INSERT INTO `user_login_log` VALUES (1414065479621804086, 4, '2021-07-11 11:34:17', '10.0.0.220');
INSERT INTO `user_login_log` VALUES (1414067738023821352, 4, '2021-07-11 11:43:16', '10.0.0.220');
INSERT INTO `user_login_log` VALUES (1414069328503898206, 4, '2021-07-11 11:49:35', '10.0.0.220');
INSERT INTO `user_login_log` VALUES (1414070817288880133, 4, '2021-07-11 11:55:30', '10.0.0.220');
INSERT INTO `user_login_log` VALUES (1414089760003063907, 4, '2021-07-11 13:10:46', '10.0.0.220');
INSERT INTO `user_login_log` VALUES (1414090357481668682, 4, '2021-07-11 13:13:08', '10.0.0.220');
INSERT INTO `user_login_log` VALUES (1414090603691507729, 4, '2021-07-11 13:14:07', '10.0.0.220');
INSERT INTO `user_login_log` VALUES (1414093108739571722, 4, '2021-07-11 13:24:04', '10.0.0.220');
INSERT INTO `user_login_log` VALUES (1414093251584983098, 4, '2021-07-11 13:24:38', '10.0.0.220');
INSERT INTO `user_login_log` VALUES (1414093749734080611, 4, '2021-07-11 13:26:37', '10.0.0.220');
INSERT INTO `user_login_log` VALUES (1414094481526882340, 4, '2021-07-11 13:29:32', '10.0.0.220');
INSERT INTO `user_login_log` VALUES (1414095559316209700, 4, '2021-07-11 13:33:49', '10.0.0.220');
INSERT INTO `user_login_log` VALUES (1414096331567267936, 4, '2021-07-11 13:36:53', '10.0.0.220');
INSERT INTO `user_login_log` VALUES (1414097205886713931, 4, '2021-07-11 13:40:21', '10.0.0.220');
INSERT INTO `user_login_log` VALUES (1414099800843878469, 4, '2021-07-11 13:50:40', '10.0.0.220');
INSERT INTO `user_login_log` VALUES (1414103046098518072, 4, '2021-07-11 14:03:34', '10.0.0.220');
INSERT INTO `user_login_log` VALUES (1414131655467073577, 4, '2021-07-11 15:57:15', '10.0.0.220');
INSERT INTO `user_login_log` VALUES (1414884154687881226, 4, '2021-07-13 17:47:24', '10.0.0.220');
INSERT INTO `user_login_log` VALUES (1415221807232843855, 4, '2021-07-14 16:09:07', '10.0.0.220');
INSERT INTO `user_login_log` VALUES (1415604312167415880, 4, '2021-07-15 17:29:03', '10.0.0.220');
INSERT INTO `user_login_log` VALUES (1416105843744571435, 4, '2021-07-17 02:41:58', '10.0.0.220');
INSERT INTO `user_login_log` VALUES (1417021335657250857, 4, '2021-07-19 15:19:54', '10.0.0.220');
INSERT INTO `user_login_log` VALUES (1417021449201254460, 4, '2021-07-19 15:20:15', '10.0.0.220');
INSERT INTO `user_login_log` VALUES (1417022269586145344, 4, '2021-07-19 15:23:31', '10.0.0.220');
INSERT INTO `user_login_log` VALUES (1417022768439885893, 4, '2021-07-19 15:25:30', '10.0.0.220');
INSERT INTO `user_login_log` VALUES (1417023696932962377, 4, '2021-07-19 15:29:11', '10.0.0.220');
INSERT INTO `user_login_log` VALUES (1417024261368840243, 4, '2021-07-19 15:31:26', '10.0.0.220');
INSERT INTO `user_login_log` VALUES (1417024790534815809, 4, '2021-07-19 15:33:32', '10.0.0.220');
INSERT INTO `user_login_log` VALUES (1417024984655593531, 4, '2021-07-19 15:34:18', '10.0.0.220');
INSERT INTO `user_login_log` VALUES (1417026251578671143, 4, '2021-07-19 15:39:20', '10.0.0.220');
INSERT INTO `user_login_log` VALUES (1417030174876106774, 4, '2021-07-19 15:54:55', '10.0.0.220');
INSERT INTO `user_login_log` VALUES (1417065634759442450, 4, '2021-07-19 18:15:50', '10.0.0.220');
INSERT INTO `user_login_log` VALUES (1417066266392264767, 4, '2021-07-19 18:18:20', '10.0.0.220');
INSERT INTO `user_login_log` VALUES (1417067626722492503, 4, '2021-07-19 18:23:45', '10.0.0.220');
INSERT INTO `user_login_log` VALUES (1417068321924186113, 4, '2021-07-19 18:26:30', '10.0.0.220');
INSERT INTO `user_login_log` VALUES (1417068602426654761, 4, '2021-07-19 18:27:37', '10.0.0.220');
INSERT INTO `user_login_log` VALUES (1417069332109721667, 4, '2021-07-19 18:30:31', '10.0.0.220');
INSERT INTO `user_login_log` VALUES (1417069770137665595, 4, '2021-07-19 18:32:16', '10.0.0.220');
INSERT INTO `user_login_log` VALUES (1417070223873278011, 4, '2021-07-19 18:34:04', '10.0.0.220');
INSERT INTO `user_login_log` VALUES (1417070752917618761, 4, '2021-07-19 18:36:10', '10.0.0.220');
INSERT INTO `user_login_log` VALUES (1417071036251242504, 4, '2021-07-19 18:37:18', '10.0.0.220');
INSERT INTO `user_login_log` VALUES (1417071944276115495, 4, '2021-07-19 18:40:54', '10.0.0.220');
INSERT INTO `user_login_log` VALUES (1417073362496127057, 4, '2021-07-19 18:46:32', '10.0.0.220');
INSERT INTO `user_login_log` VALUES (1417073716306640993, 4, '2021-07-19 18:47:57', '10.0.0.220');
INSERT INTO `user_login_log` VALUES (1417074106116866145, 4, '2021-07-19 18:49:30', '10.0.0.220');
INSERT INTO `user_login_log` VALUES (1417074954725228585, 4, '2021-07-19 18:52:52', '10.0.0.220');
INSERT INTO `user_login_log` VALUES (1417076496178085900, 4, '2021-07-19 18:58:59', '10.0.0.220');
INSERT INTO `user_login_log` VALUES (1417076887292739600, 4, '2021-07-19 19:00:33', '10.0.0.220');
INSERT INTO `user_login_log` VALUES (1417077184224297038, 4, '2021-07-19 19:01:43', '10.0.0.220');
INSERT INTO `user_login_log` VALUES (1417079675670233145, 4, '2021-07-19 19:11:37', '10.0.0.220');
INSERT INTO `user_login_log` VALUES (1417080161274167306, 4, '2021-07-19 19:13:33', '10.0.0.220');
INSERT INTO `user_login_log` VALUES (1417080440983912487, 4, '2021-07-19 19:14:40', '10.0.0.220');
INSERT INTO `user_login_log` VALUES (1417080790579150917, 4, '2021-07-19 19:16:03', '10.0.0.220');
INSERT INTO `user_login_log` VALUES (1417081950425841748, 4, '2021-07-19 19:20:40', '10.0.0.220');
INSERT INTO `user_login_log` VALUES (1417081999843131434, 4, '2021-07-19 19:20:52', '10.0.0.220');
INSERT INTO `user_login_log` VALUES (1417083192107597869, 4, '2021-07-19 19:25:36', '10.0.0.220');
INSERT INTO `user_login_log` VALUES (1417083943563296862, 4, '2021-07-19 19:28:35', '10.0.0.220');
INSERT INTO `user_login_log` VALUES (1417087220715618351, 4, '2021-07-19 19:41:36', '10.0.0.220');
INSERT INTO `user_login_log` VALUES (1417087691312332861, 4, '2021-07-19 19:43:28', '10.0.0.220');
INSERT INTO `user_login_log` VALUES (1417087932795191356, 4, '2021-07-19 19:44:26', '10.0.0.220');
INSERT INTO `user_login_log` VALUES (1417088973775306807, 4, '2021-07-19 19:48:34', '10.0.0.220');
INSERT INTO `user_login_log` VALUES (1417089597921296428, 4, '2021-07-19 19:51:03', '10.0.0.220');
INSERT INTO `user_login_log` VALUES (1417089887789645909, 4, '2021-07-19 19:52:12', '10.0.0.220');
INSERT INTO `user_login_log` VALUES (1417090363998339110, 4, '2021-07-19 19:54:06', '10.0.0.220');
INSERT INTO `user_login_log` VALUES (1417090895764783171, 4, '2021-07-19 19:56:12', '10.0.0.220');
INSERT INTO `user_login_log` VALUES (1417091742745755719, 4, '2021-07-19 19:59:34', '10.0.0.220');
INSERT INTO `user_login_log` VALUES (1417091807627444293, 4, '2021-07-19 19:59:50', '10.0.0.220');
INSERT INTO `user_login_log` VALUES (1417092393441689677, 4, '2021-07-19 20:02:10', '10.0.0.220');
INSERT INTO `user_login_log` VALUES (1417093090354659357, 4, '2021-07-19 20:04:56', '10.0.0.220');
INSERT INTO `user_login_log` VALUES (1417093385428140051, 4, '2021-07-19 20:06:06', '10.0.0.220');
INSERT INTO `user_login_log` VALUES (1417093615619932232, 4, '2021-07-19 20:07:01', '10.0.0.220');
INSERT INTO `user_login_log` VALUES (1417094748270755899, 4, '2021-07-19 20:11:31', '10.0.0.220');
INSERT INTO `user_login_log` VALUES (1417095068258402398, 4, '2021-07-19 20:12:47', '10.0.0.220');
INSERT INTO `user_login_log` VALUES (1417095797949857812, 4, '2021-07-19 20:15:41', '10.0.0.220');
INSERT INTO `user_login_log` VALUES (1417096273789452323, 4, '2021-07-19 20:17:35', '10.0.0.220');
INSERT INTO `user_login_log` VALUES (1417096358183043129, 4, '2021-07-19 20:17:55', '10.0.0.220');
INSERT INTO `user_login_log` VALUES (1417096829861888070, 4, '2021-07-19 20:19:47', '10.0.0.220');
INSERT INTO `user_login_log` VALUES (1417096868969578545, 4, '2021-07-19 20:19:57', '10.0.0.220');
INSERT INTO `user_login_log` VALUES (1417097209740001346, 4, '2021-07-19 20:21:18', '10.0.0.220');
INSERT INTO `user_login_log` VALUES (1417098363488174148, 4, '2021-07-19 20:25:53', '10.0.0.220');
INSERT INTO `user_login_log` VALUES (1417098990725365828, 4, '2021-07-19 20:28:22', '10.0.0.220');
INSERT INTO `user_login_log` VALUES (1417099545837305896, 4, '2021-07-19 20:30:35', '10.0.0.220');
INSERT INTO `user_login_log` VALUES (1417099758534656043, 4, '2021-07-19 20:31:26', '10.0.0.220');
INSERT INTO `user_login_log` VALUES (1417100178833277020, 4, '2021-07-19 20:33:06', '10.0.0.220');
INSERT INTO `user_login_log` VALUES (1417100417078132800, 4, '2021-07-19 20:34:03', '10.0.0.220');
INSERT INTO `user_login_log` VALUES (1417100680954380313, 4, '2021-07-19 20:35:05', '10.0.0.220');
INSERT INTO `user_login_log` VALUES (1417100817105682506, 4, '2021-07-19 20:35:38', '10.0.0.220');
INSERT INTO `user_login_log` VALUES (1417101422377304066, 4, '2021-07-19 20:38:02', '10.0.0.220');
INSERT INTO `user_login_log` VALUES (1417101475036790850, 4, '2021-07-19 20:38:15', '10.0.0.220');
INSERT INTO `user_login_log` VALUES (1417101907977044029, 4, '2021-07-19 20:39:58', '10.0.0.220');
INSERT INTO `user_login_log` VALUES (1417102859551375409, 4, '2021-07-19 20:43:45', '10.0.0.220');
INSERT INTO `user_login_log` VALUES (1417103628128223260, 4, '2021-07-19 20:46:48', '10.0.0.220');
INSERT INTO `user_login_log` VALUES (1417104108866764831, 4, '2021-07-19 20:48:43', '10.0.0.220');
INSERT INTO `user_login_log` VALUES (1417104958473371683, 4, '2021-07-19 20:52:05', '10.0.0.220');
INSERT INTO `user_login_log` VALUES (1417105135896625243, 4, '2021-07-19 20:52:48', '10.0.0.220');
INSERT INTO `user_login_log` VALUES (1417105432803016783, 4, '2021-07-19 20:53:58', '10.0.0.220');
INSERT INTO `user_login_log` VALUES (1417105682427019343, 4, '2021-07-19 20:54:58', '10.0.0.220');
INSERT INTO `user_login_log` VALUES (1417106946732851269, 4, '2021-07-19 20:59:59', '10.0.0.220');
INSERT INTO `user_login_log` VALUES (1417107389487775824, 4, '2021-07-19 21:01:45', '10.0.0.220');
INSERT INTO `user_login_log` VALUES (1417110725146443848, 4, '2021-07-19 21:15:00', '10.0.0.220');
INSERT INTO `user_login_log` VALUES (1417111951145697295, 4, '2021-07-19 21:19:52', '10.0.0.220');
INSERT INTO `user_login_log` VALUES (1417112766967185458, 4, '2021-07-19 21:23:07', '10.0.0.220');
INSERT INTO `user_login_log` VALUES (1417114044426354692, 4, '2021-07-19 21:28:12', '10.0.0.220');
INSERT INTO `user_login_log` VALUES (1417114302980030523, 4, '2021-07-19 21:29:13', '10.0.0.220');
INSERT INTO `user_login_log` VALUES (1417114989658898516, 4, '2021-07-19 21:31:57', '10.0.0.220');
INSERT INTO `user_login_log` VALUES (1417115998779080783, 4, '2021-07-19 21:35:58', '10.0.0.220');
INSERT INTO `user_login_log` VALUES (1417116283152891941, 4, '2021-07-19 21:37:05', '10.0.0.220');
INSERT INTO `user_login_log` VALUES (1417116314874413134, 4, '2021-07-19 21:37:13', '10.0.0.220');
INSERT INTO `user_login_log` VALUES (1417116465550590033, 4, '2021-07-19 21:37:49', '10.0.0.220');
INSERT INTO `user_login_log` VALUES (1417119116912754748, 4, '2021-07-19 21:48:21', '10.0.0.220');
INSERT INTO `user_login_log` VALUES (1417119521528873033, 4, '2021-07-19 21:49:57', '10.0.0.220');
INSERT INTO `user_login_log` VALUES (1417120606079418423, 4, '2021-07-19 21:54:16', '10.0.0.220');
INSERT INTO `user_login_log` VALUES (1417120646558646295, 4, '2021-07-19 21:54:26', '10.0.0.220');
INSERT INTO `user_login_log` VALUES (1417126073547620446, 4, '2021-07-19 22:16:00', '10.0.0.220');
INSERT INTO `user_login_log` VALUES (1417126443665588269, 4, '2021-07-19 22:17:28', '10.0.0.220');
INSERT INTO `user_login_log` VALUES (1417126483117211667, 4, '2021-07-19 22:17:37', '10.0.0.220');
INSERT INTO `user_login_log` VALUES (1417126863641247833, 4, '2021-07-19 22:19:08', '10.0.0.220');
INSERT INTO `user_login_log` VALUES (1417127893078638691, 4, '2021-07-19 22:23:13', '10.0.0.220');
INSERT INTO `user_login_log` VALUES (1417128085005795387, 4, '2021-07-19 22:23:59', '10.0.0.220');
INSERT INTO `user_login_log` VALUES (1417128181332181002, 4, '2021-07-19 22:24:22', '10.0.0.220');
INSERT INTO `user_login_log` VALUES (1417128905927557184, 4, '2021-07-19 22:27:15', '10.0.0.220');
INSERT INTO `user_login_log` VALUES (1417129958165184582, 4, '2021-07-19 22:31:26', '10.0.0.220');
INSERT INTO `user_login_log` VALUES (1417129998338228258, 4, '2021-07-19 22:31:35', '10.0.0.220');
INSERT INTO `user_login_log` VALUES (1417131189885468755, 4, '2021-07-19 22:36:19', '10.0.0.220');
INSERT INTO `user_login_log` VALUES (1417131506387648593, 4, '2021-07-19 22:37:35', '10.0.0.220');
INSERT INTO `user_login_log` VALUES (1417131851067162708, 4, '2021-07-19 22:38:57', '10.0.0.220');
INSERT INTO `user_login_log` VALUES (1417131888111255615, 4, '2021-07-19 22:39:06', '10.0.0.220');
INSERT INTO `user_login_log` VALUES (1417132407567417436, 4, '2021-07-19 22:41:10', '10.0.0.220');
INSERT INTO `user_login_log` VALUES (1417133927532855307, 4, '2021-07-19 22:47:12', '10.0.0.220');
INSERT INTO `user_login_log` VALUES (1417134323454181392, 4, '2021-07-19 22:48:46', '10.0.0.220');
INSERT INTO `user_login_log` VALUES (1417134589574381666, 4, '2021-07-19 22:49:50', '10.0.0.220');
INSERT INTO `user_login_log` VALUES (1417134619593015362, 4, '2021-07-19 22:49:57', '10.0.0.220');
INSERT INTO `user_login_log` VALUES (1417135346197463052, 4, '2021-07-19 22:52:50', '10.0.0.220');
INSERT INTO `user_login_log` VALUES (1417135377373724764, 4, '2021-07-19 22:52:58', '10.0.0.220');
INSERT INTO `user_login_log` VALUES (1417136082092294147, 4, '2021-07-19 22:55:46', '10.0.0.220');
INSERT INTO `user_login_log` VALUES (1417136113578934357, 4, '2021-07-19 22:55:53', '10.0.0.220');
INSERT INTO `user_login_log` VALUES (1417137565013639187, 4, '2021-07-19 23:01:39', '10.0.0.220');
INSERT INTO `user_login_log` VALUES (1417137926185156648, 4, '2021-07-19 23:03:05', '10.0.0.220');
INSERT INTO `user_login_log` VALUES (1417138365257482299, 4, '2021-07-19 23:04:50', '10.0.0.220');
INSERT INTO `user_login_log` VALUES (1417138907211890723, 4, '2021-07-19 23:06:59', '10.0.0.220');
INSERT INTO `user_login_log` VALUES (1417139310892679200, 4, '2021-07-19 23:08:36', '10.0.0.220');
INSERT INTO `user_login_log` VALUES (1417139340953256021, 4, '2021-07-19 23:08:43', '10.0.0.220');
INSERT INTO `user_login_log` VALUES (1417140141545226316, 4, '2021-07-19 23:11:54', '10.0.0.220');
INSERT INTO `user_login_log` VALUES (1417140173472268324, 4, '2021-07-19 23:12:01', '10.0.0.220');
INSERT INTO `user_login_log` VALUES (1417140466872221767, 4, '2021-07-19 23:13:11', '10.0.0.220');
INSERT INTO `user_login_log` VALUES (1417195919614410806, 4, '2021-07-20 02:53:32', '10.0.0.220');
INSERT INTO `user_login_log` VALUES (1417196805405278208, 4, '2021-07-20 02:57:03', '10.0.0.220');
INSERT INTO `user_login_log` VALUES (1417197192245936194, 4, '2021-07-20 02:58:36', '10.0.0.220');
INSERT INTO `user_login_log` VALUES (1417197495557029920, 4, '2021-07-20 02:59:48', '10.0.0.220');
INSERT INTO `user_login_log` VALUES (1417197866652270690, 4, '2021-07-20 03:01:16', '10.0.0.220');
INSERT INTO `user_login_log` VALUES (1417198801810096142, 4, '2021-07-20 03:04:59', '10.0.0.220');
INSERT INTO `user_login_log` VALUES (1417199958926295122, 4, '2021-07-20 03:09:35', '10.0.0.220');
INSERT INTO `user_login_log` VALUES (1417200364238667821, 4, '2021-07-20 03:11:12', '10.0.0.220');
INSERT INTO `user_login_log` VALUES (1417201177841369148, 4, '2021-07-20 03:14:26', '10.0.0.220');
INSERT INTO `user_login_log` VALUES (1417201386394746949, 4, '2021-07-20 03:15:16', '10.0.0.220');
INSERT INTO `user_login_log` VALUES (1417201629660184579, 4, '2021-07-20 03:16:14', '10.0.0.220');
INSERT INTO `user_login_log` VALUES (1417201661348151383, 4, '2021-07-20 03:16:21', '10.0.0.220');
INSERT INTO `user_login_log` VALUES (1417202146708815968, 4, '2021-07-20 03:18:17', '10.0.0.220');
INSERT INTO `user_login_log` VALUES (1417204702382129210, 4, '2021-07-20 03:28:26', '10.0.0.220');
INSERT INTO `user_login_log` VALUES (1417205199977578558, 4, '2021-07-20 03:30:25', '10.0.0.220');
INSERT INTO `user_login_log` VALUES (1417205748944863245, 4, '2021-07-20 03:32:36', '10.0.0.220');
INSERT INTO `user_login_log` VALUES (1417208007678230611, 4, '2021-07-20 03:41:34', '10.0.0.220');
INSERT INTO `user_login_log` VALUES (1417209165624901706, 4, '2021-07-20 03:46:10', '10.0.0.220');
INSERT INTO `user_login_log` VALUES (1417209646057259052, 4, '2021-07-20 03:48:05', '10.0.0.220');
INSERT INTO `user_login_log` VALUES (1417209688298094626, 4, '2021-07-20 03:48:15', '10.0.0.220');
INSERT INTO `user_login_log` VALUES (1417209992955560005, 4, '2021-07-20 03:49:27', '10.0.0.220');
INSERT INTO `user_login_log` VALUES (1417209994440343562, 4, '2021-07-20 03:49:28', '10.0.0.220');
INSERT INTO `user_login_log` VALUES (1417210381146783793, 4, '2021-07-20 03:51:00', '10.0.0.220');
INSERT INTO `user_login_log` VALUES (1417211504553361490, 4, '2021-07-20 03:55:28', '10.0.0.220');
INSERT INTO `user_login_log` VALUES (1417213029388386347, 4, '2021-07-20 04:01:31', '10.0.0.220');
INSERT INTO `user_login_log` VALUES (1418526575921463373, 4, '2021-07-23 19:01:05', '10.0.0.220');
INSERT INTO `user_login_log` VALUES (1418526584377180242, 4, '2021-07-23 19:01:07', '10.0.0.220');
INSERT INTO `user_login_log` VALUES (1418526587933949969, 4, '2021-07-23 19:01:08', '10.0.0.220');
INSERT INTO `user_login_log` VALUES (1418526591327141918, 4, '2021-07-23 19:01:09', '10.0.0.220');
INSERT INTO `user_login_log` VALUES (1418526601548660766, 4, '2021-07-23 19:01:11', '10.0.0.220');
INSERT INTO `user_login_log` VALUES (1418526602387521632, 4, '2021-07-23 19:01:12', '10.0.0.220');
INSERT INTO `user_login_log` VALUES (1418526604694388756, 4, '2021-07-23 19:01:12', '10.0.0.220');
INSERT INTO `user_login_log` VALUES (1418526606753792058, 4, '2021-07-23 19:01:13', '10.0.0.220');
INSERT INTO `user_login_log` VALUES (1418529279330746450, 4, '2021-07-23 19:11:50', '10.0.0.220');
INSERT INTO `user_login_log` VALUES (1418529302588162082, 4, '2021-07-23 19:11:55', '10.0.0.220');
INSERT INTO `user_login_log` VALUES (1418531661141770288, 4, '2021-07-23 19:21:18', '10.0.0.220');
INSERT INTO `user_login_log` VALUES (1418536085302018077, 4, '2021-07-23 19:38:53', '10.0.0.220');
INSERT INTO `user_login_log` VALUES (1418539402442833946, 4, '2021-07-23 19:52:03', '10.0.0.220');
INSERT INTO `user_login_log` VALUES (1418539835697659912, 4, '2021-07-23 19:53:47', '10.0.0.220');
INSERT INTO `user_login_log` VALUES (1418541728054378535, 4, '2021-07-23 20:01:18', '10.0.0.220');
INSERT INTO `user_login_log` VALUES (1418542312073461852, 4, '2021-07-23 20:03:37', '10.0.0.220');
INSERT INTO `user_login_log` VALUES (1418542916602691645, 4, '2021-07-23 20:06:01', '10.0.0.220');
INSERT INTO `user_login_log` VALUES (1418543159398367323, 4, '2021-07-23 20:06:59', '10.0.0.220');
INSERT INTO `user_login_log` VALUES (1418543300901601303, 4, '2021-07-23 20:07:33', '10.0.0.220');
INSERT INTO `user_login_log` VALUES (1418549418470146072, 4, '2021-07-23 20:31:51', '10.0.0.220');
INSERT INTO `user_login_log` VALUES (1418567044793630769, 4, '2021-07-23 21:41:54', '10.0.0.220');
INSERT INTO `user_login_log` VALUES (1418569637162909762, 4, '2021-07-23 21:52:12', '10.0.0.220');
INSERT INTO `user_login_log` VALUES (1418571298069545043, 4, '2021-07-23 21:58:48', '10.0.0.220');
INSERT INTO `user_login_log` VALUES (1418571777717567551, 4, '2021-07-23 22:00:42', '10.0.0.220');
INSERT INTO `user_login_log` VALUES (1418572653391773700, 4, '2021-07-23 22:04:11', '10.0.0.220');
INSERT INTO `user_login_log` VALUES (1418573083937079316, 4, '2021-07-23 22:05:54', '10.0.0.220');
INSERT INTO `user_login_log` VALUES (1418575534064926733, 4, '2021-07-23 22:15:38', '10.0.0.220');
INSERT INTO `user_login_log` VALUES (1418575795974045734, 4, '2021-07-23 22:16:40', '10.0.0.220');
INSERT INTO `user_login_log` VALUES (1418576107455643721, 4, '2021-07-23 22:17:55', '10.0.0.220');
INSERT INTO `user_login_log` VALUES (1418576336766632029, 4, '2021-07-23 22:18:49', '10.0.0.220');
INSERT INTO `user_login_log` VALUES (1418576562562793484, 4, '2021-07-23 22:19:43', '10.0.0.220');
INSERT INTO `user_login_log` VALUES (1418576955074150429, 4, '2021-07-23 22:21:17', '10.0.0.220');
INSERT INTO `user_login_log` VALUES (1418577121416052784, 4, '2021-07-23 22:21:56', '10.0.0.220');
INSERT INTO `user_login_log` VALUES (1418577460131266641, 4, '2021-07-23 22:23:17', '10.0.0.220');
INSERT INTO `user_login_log` VALUES (1418578043881914402, 4, '2021-07-23 22:25:36', '10.0.0.220');
INSERT INTO `user_login_log` VALUES (1418578198450405402, 4, '2021-07-23 22:26:13', '10.0.0.220');
INSERT INTO `user_login_log` VALUES (1418578499563683927, 4, '2021-07-23 22:27:25', '10.0.0.220');
INSERT INTO `user_login_log` VALUES (1418578679167975487, 4, '2021-07-23 22:28:08', '10.0.0.220');
INSERT INTO `user_login_log` VALUES (1418578877529194568, 4, '2021-07-23 22:28:55', '10.0.0.220');
INSERT INTO `user_login_log` VALUES (1418579097298141232, 4, '2021-07-23 22:29:47', '10.0.0.220');
INSERT INTO `user_login_log` VALUES (1418579329238958139, 4, '2021-07-23 22:30:43', '10.0.0.220');
INSERT INTO `user_login_log` VALUES (1418615680755826739, 4, '2021-07-24 00:55:10', '10.0.0.220');
INSERT INTO `user_login_log` VALUES (1418615842739847207, 4, '2021-07-24 00:55:48', '10.0.0.220');
INSERT INTO `user_login_log` VALUES (1418616373612904460, 4, '2021-07-24 00:57:55', '10.0.0.220');
INSERT INTO `user_login_log` VALUES (1418618844989095958, 4, '2021-07-24 01:07:44', '10.0.0.220');
INSERT INTO `user_login_log` VALUES (1418621010055266318, 4, '2021-07-24 01:16:20', '10.0.0.220');
INSERT INTO `user_login_log` VALUES (1418621366969565264, 4, '2021-07-24 01:17:45', '10.0.0.220');
INSERT INTO `user_login_log` VALUES (1418621906524831803, 4, '2021-07-24 01:19:54', '10.0.0.220');
INSERT INTO `user_login_log` VALUES (1418624584638267477, 4, '2021-07-24 01:30:32', '10.0.0.220');
INSERT INTO `user_login_log` VALUES (1418624911223554120, 4, '2021-07-24 01:31:50', '10.0.0.220');
INSERT INTO `user_login_log` VALUES (1418625315105669175, 4, '2021-07-24 01:33:27', '10.0.0.220');
INSERT INTO `user_login_log` VALUES (1418625822050222172, 4, '2021-07-24 01:35:27', '10.0.0.220');
INSERT INTO `user_login_log` VALUES (1418628107312562242, 4, '2021-07-24 01:44:32', '10.0.0.220');
INSERT INTO `user_login_log` VALUES (1418628552848310340, 4, '2021-07-24 01:46:19', '10.0.0.220');
INSERT INTO `user_login_log` VALUES (1418628804129062983, 4, '2021-07-24 01:47:18', '10.0.0.220');
INSERT INTO `user_login_log` VALUES (1418632171349868581, 4, '2021-07-24 02:00:41', '10.0.0.220');
INSERT INTO `user_login_log` VALUES (1418632867663052849, 4, '2021-07-24 02:03:27', '10.0.0.220');
INSERT INTO `user_login_log` VALUES (1418633541767397420, 4, '2021-07-24 02:06:08', '10.0.0.220');
INSERT INTO `user_login_log` VALUES (1418634585863880794, 4, '2021-07-24 02:10:17', '10.0.0.220');
INSERT INTO `user_login_log` VALUES (1418634838348398657, 4, '2021-07-24 02:11:17', '10.0.0.220');
INSERT INTO `user_login_log` VALUES (1418635163797028941, 4, '2021-07-24 02:12:35', '10.0.0.220');
INSERT INTO `user_login_log` VALUES (1418635504827498595, 4, '2021-07-24 02:13:56', '10.0.0.220');
INSERT INTO `user_login_log` VALUES (1418635719038992384, 4, '2021-07-24 02:14:47', '10.0.0.220');
INSERT INTO `user_login_log` VALUES (1418635910823542877, 4, '2021-07-24 02:15:33', '10.0.0.220');
INSERT INTO `user_login_log` VALUES (1418636755216629782, 4, '2021-07-24 02:18:54', '10.0.0.220');
INSERT INTO `user_login_log` VALUES (1418637401944752196, 4, '2021-07-24 02:21:28', '10.0.0.220');
INSERT INTO `user_login_log` VALUES (1418637646971797598, 4, '2021-07-24 02:22:27', '10.0.0.220');
INSERT INTO `user_login_log` VALUES (1418638245360566299, 4, '2021-07-24 02:24:49', '10.0.0.220');
INSERT INTO `user_login_log` VALUES (1418638797695877178, 4, '2021-07-24 02:27:01', '10.0.0.220');
INSERT INTO `user_login_log` VALUES (1418639247430123614, 4, '2021-07-24 02:28:48', '10.0.0.220');
INSERT INTO `user_login_log` VALUES (1418639603585253426, 4, '2021-07-24 02:30:13', '10.0.0.220');
INSERT INTO `user_login_log` VALUES (1418639853850984536, 4, '2021-07-24 02:31:13', '10.0.0.220');
INSERT INTO `user_login_log` VALUES (1418641155523870737, 4, '2021-07-24 02:36:23', '10.0.0.220');
INSERT INTO `user_login_log` VALUES (1418641617404821582, 4, '2021-07-24 02:38:13', '10.0.0.220');
INSERT INTO `user_login_log` VALUES (1418641935848964158, 4, '2021-07-24 02:39:29', '10.0.0.220');
INSERT INTO `user_login_log` VALUES (1418642162446237765, 4, '2021-07-24 02:40:23', '10.0.0.220');
INSERT INTO `user_login_log` VALUES (1418642405938167822, 4, '2021-07-24 02:41:21', '10.0.0.220');
INSERT INTO `user_login_log` VALUES (1418642894582972502, 4, '2021-07-24 02:43:18', '10.0.0.220');
INSERT INTO `user_login_log` VALUES (1418643307315068995, 4, '2021-07-24 02:44:56', '10.0.0.220');
INSERT INTO `user_login_log` VALUES (1418643906622390313, 4, '2021-07-24 02:47:19', '10.0.0.220');
INSERT INTO `user_login_log` VALUES (1418644212454260783, 4, '2021-07-24 02:48:32', '10.0.0.220');
INSERT INTO `user_login_log` VALUES (1418644594546966555, 4, '2021-07-24 02:50:03', '10.0.0.220');
INSERT INTO `user_login_log` VALUES (1418644804937449559, 4, '2021-07-24 02:50:53', '10.0.0.220');
INSERT INTO `user_login_log` VALUES (1418645180990357563, 4, '2021-07-24 02:52:23', '10.0.0.220');
INSERT INTO `user_login_log` VALUES (1418645556602863640, 4, '2021-07-24 02:53:53', '10.0.0.220');
INSERT INTO `user_login_log` VALUES (1418645783976083457, 4, '2021-07-24 02:54:47', '10.0.0.220');
INSERT INTO `user_login_log` VALUES (1418646173920526435, 4, '2021-07-24 02:56:20', '10.0.0.220');
INSERT INTO `user_login_log` VALUES (1418646518444851232, 4, '2021-07-24 02:57:42', '10.0.0.220');
INSERT INTO `user_login_log` VALUES (1418647041164181541, 4, '2021-07-24 02:59:46', '10.0.0.220');
INSERT INTO `user_login_log` VALUES (1418649038412054627, 4, '2021-07-24 03:07:43', '10.0.0.220');
INSERT INTO `user_login_log` VALUES (1418649341102391339, 4, '2021-07-24 03:08:55', '10.0.0.220');
INSERT INTO `user_login_log` VALUES (1418649846331473921, 4, '2021-07-24 03:10:55', '10.0.0.220');
INSERT INTO `user_login_log` VALUES (1418650045439279134, 4, '2021-07-24 03:11:43', '10.0.0.220');
INSERT INTO `user_login_log` VALUES (1418650404291346470, 4, '2021-07-24 03:13:08', '10.0.0.220');
INSERT INTO `user_login_log` VALUES (1418650680054251612, 4, '2021-07-24 03:14:14', '10.0.0.220');
INSERT INTO `user_login_log` VALUES (1418650891023548457, 4, '2021-07-24 03:15:04', '10.0.0.220');
INSERT INTO `user_login_log` VALUES (1418652433042636829, 4, '2021-07-24 03:21:12', '10.0.0.220');
INSERT INTO `user_login_log` VALUES (1418654145572765768, 4, '2021-07-24 03:28:00', '10.0.0.220');
INSERT INTO `user_login_log` VALUES (1418657545131655193, 4, '2021-07-24 03:41:31', '10.0.0.220');
INSERT INTO `user_login_log` VALUES (1418659606791454765, 4, '2021-07-24 03:49:42', '10.0.0.220');
INSERT INTO `user_login_log` VALUES (1418660276319813652, 4, '2021-07-24 03:52:22', '10.0.0.220');
INSERT INTO `user_login_log` VALUES (1418660580905975906, 4, '2021-07-24 03:53:35', '10.0.0.220');
INSERT INTO `user_login_log` VALUES (1418661261658292273, 4, '2021-07-24 03:56:17', '10.0.0.220');
INSERT INTO `user_login_log` VALUES (1418664243854573570, 4, '2021-07-24 04:08:08', '10.0.0.220');
INSERT INTO `user_login_log` VALUES (1418666026148560988, 4, '2021-07-24 04:15:13', '10.0.0.220');
INSERT INTO `user_login_log` VALUES (1418666689272217627, 4, '2021-07-24 04:17:51', '10.0.0.220');
INSERT INTO `user_login_log` VALUES (1418667643434434568, 4, '2021-07-24 04:21:38', '10.0.0.220');
INSERT INTO `user_login_log` VALUES (1418668230012043317, 4, '2021-07-24 04:23:58', '10.0.0.220');
INSERT INTO `user_login_log` VALUES (1418675496610168882, 4, '2021-07-24 04:52:51', '10.0.0.220');
INSERT INTO `user_login_log` VALUES (1418677146481590343, 4, '2021-07-24 04:59:24', '10.0.0.220');
INSERT INTO `user_login_log` VALUES (1418677757545545745, 4, '2021-07-24 05:01:50', '10.0.0.220');
INSERT INTO `user_login_log` VALUES (1418678290436063262, 4, '2021-07-24 05:03:57', '10.0.0.220');
INSERT INTO `user_login_log` VALUES (1418680460950634540, 4, '2021-07-24 05:12:34', '10.0.0.220');
INSERT INTO `user_login_log` VALUES (1418682288215949384, 4, '2021-07-24 05:19:50', '10.0.0.220');
INSERT INTO `user_login_log` VALUES (1418682466935242797, 4, '2021-07-24 05:20:33', '10.0.0.220');
INSERT INTO `user_login_log` VALUES (1418682755855679562, 4, '2021-07-24 05:21:42', '10.0.0.220');
INSERT INTO `user_login_log` VALUES (1418683056771825731, 4, '2021-07-24 05:22:53', '10.0.0.220');
INSERT INTO `user_login_log` VALUES (1418953912207015985, 1401818700771754000, '2021-07-24 23:19:10', '10.0.0.220');
INSERT INTO `user_login_log` VALUES (1418957485229736019, 4, '2021-07-24 23:33:22', '10.0.0.220');
INSERT INTO `user_login_log` VALUES (1418969527869243449, 4, '2021-07-25 00:21:13', '10.0.0.220');
INSERT INTO `user_login_log` VALUES (1418970962476400661, 4, '2021-07-25 00:26:55', '10.0.0.220');
INSERT INTO `user_login_log` VALUES (1418973851684962333, 4, '2021-07-25 00:38:24', '10.0.0.220');
INSERT INTO `user_login_log` VALUES (1418974491001749596, 4, '2021-07-25 00:40:57', '10.0.0.220');
INSERT INTO `user_login_log` VALUES (1418975296626884632, 4, '2021-07-25 00:44:09', '10.0.0.220');
INSERT INTO `user_login_log` VALUES (1418975817232285769, 4, '2021-07-25 00:46:13', '10.0.0.220');
INSERT INTO `user_login_log` VALUES (1418989236891156570, 4, '2021-07-25 01:39:32', '10.0.0.220');
INSERT INTO `user_login_log` VALUES (1418996433771561029, 4, '2021-07-25 02:08:08', '10.0.0.220');
INSERT INTO `user_login_log` VALUES (1419012072229830711, 4, '2021-07-25 03:10:17', '10.0.0.220');
INSERT INTO `user_login_log` VALUES (1419015860122550369, 4, '2021-07-25 03:25:20', '10.0.0.220');
INSERT INTO `user_login_log` VALUES (1419018195355828293, 4, '2021-07-25 03:34:37', '10.0.0.220');
INSERT INTO `user_login_log` VALUES (1419031609272696855, 4, '2021-07-25 04:27:55', '10.0.0.220');
INSERT INTO `user_login_log` VALUES (1419035461258575902, 4, '2021-07-25 04:43:13', '10.0.0.220');
INSERT INTO `user_login_log` VALUES (1419258545345396739, 4, '2021-07-25 19:29:40', '10.0.0.220');
INSERT INTO `user_login_log` VALUES (1419262254951432235, 4, '2021-07-25 19:44:25', '10.0.0.220');
INSERT INTO `user_login_log` VALUES (1419278478796128324, 4, '2021-07-25 20:48:53', '10.0.0.220');
INSERT INTO `user_login_log` VALUES (1419280162935013444, 4, '2021-07-25 20:55:34', '10.0.0.220');
INSERT INTO `user_login_log` VALUES (1419298835036897366, 4, '2021-07-25 22:09:46', '10.0.0.220');
INSERT INTO `user_login_log` VALUES (1419300374233219170, 4, '2021-07-25 22:15:53', '10.0.0.220');
INSERT INTO `user_login_log` VALUES (1419316410768687171, 4, '2021-07-25 23:19:37', '10.0.0.220');
INSERT INTO `user_login_log` VALUES (1419319257707053139, 4, '2021-07-25 23:30:55', '10.0.0.220');
INSERT INTO `user_login_log` VALUES (1419321813103542342, 4, '2021-07-25 23:41:05', '10.0.0.220');
INSERT INTO `user_login_log` VALUES (1419323831054499925, 4, '2021-07-25 23:49:06', '10.0.0.220');
INSERT INTO `user_login_log` VALUES (1419328152966004804, 4, '2021-07-26 00:06:16', '10.0.0.220');
INSERT INTO `user_login_log` VALUES (1419330221835812883, 4, '2021-07-26 00:14:29', '10.0.0.220');
INSERT INTO `user_login_log` VALUES (1419357116937797658, 4, '2021-07-26 02:01:22', '10.0.0.220');
INSERT INTO `user_login_log` VALUES (1419360650953490443, 4, '2021-07-26 02:15:24', '10.0.0.220');
INSERT INTO `user_login_log` VALUES (1419363625247703048, 4, '2021-07-26 02:27:13', '10.0.0.220');
INSERT INTO `user_login_log` VALUES (1419364149699280992, 4, '2021-07-26 02:29:18', '10.0.0.220');
INSERT INTO `user_login_log` VALUES (1419366361032818761, 4, '2021-07-26 02:38:06', '10.0.0.220');
INSERT INTO `user_login_log` VALUES (1419366936415830075, 4, '2021-07-26 02:40:23', '10.0.0.220');
INSERT INTO `user_login_log` VALUES (1419367216310124636, 4, '2021-07-26 02:41:30', '10.0.0.220');
INSERT INTO `user_login_log` VALUES (1419369485265010758, 4, '2021-07-26 02:50:31', '10.0.0.220');
INSERT INTO `user_login_log` VALUES (1419369948978872322, 4, '2021-07-26 02:52:21', '10.0.0.220');
INSERT INTO `user_login_log` VALUES (1419370512412311591, 4, '2021-07-26 02:54:35', '10.0.0.220');
INSERT INTO `user_login_log` VALUES (1419373716566966315, 4, '2021-07-26 03:07:19', '10.0.0.220');
INSERT INTO `user_login_log` VALUES (1419385595045609551, 4, '2021-07-26 03:54:31', '10.0.0.220');
INSERT INTO `user_login_log` VALUES (1419386437568036930, 4, '2021-07-26 03:57:52', '10.0.0.220');
INSERT INTO `user_login_log` VALUES (1419386705835720799, 4, '2021-07-26 03:58:56', '10.0.0.220');
INSERT INTO `user_login_log` VALUES (1419387733998043205, 4, '2021-07-26 04:03:01', '10.0.0.220');
INSERT INTO `user_login_log` VALUES (1419388447168135232, 4, '2021-07-26 04:05:51', '10.0.0.220');
INSERT INTO `user_login_log` VALUES (1419388782871838805, 4, '2021-07-26 04:07:11', '10.0.0.220');
INSERT INTO `user_login_log` VALUES (1419389258732404738, 4, '2021-07-26 04:09:05', '10.0.0.220');
INSERT INTO `user_login_log` VALUES (1419402915210068058, 4, '2021-07-26 05:03:21', '10.0.0.220');
INSERT INTO `user_login_log` VALUES (1419403741181771850, 4, '2021-07-26 05:06:38', '10.0.0.220');
INSERT INTO `user_login_log` VALUES (1419405154540584996, 4, '2021-07-26 05:12:15', '10.0.0.220');
INSERT INTO `user_login_log` VALUES (1419405561501319258, 4, '2021-07-26 05:13:52', '10.0.0.220');
INSERT INTO `user_login_log` VALUES (1419405714966708272, 4, '2021-07-26 05:14:28', '10.0.0.220');
INSERT INTO `user_login_log` VALUES (1419405977572081672, 4, '2021-07-26 05:15:31', '10.0.0.220');
INSERT INTO `user_login_log` VALUES (1419406291104694281, 4, '2021-07-26 05:16:46', '10.0.0.220');
INSERT INTO `user_login_log` VALUES (1419406620303032397, 4, '2021-07-26 05:18:04', '10.0.0.220');
INSERT INTO `user_login_log` VALUES (1419406798489649238, 4, '2021-07-26 05:18:47', '10.0.0.220');
INSERT INTO `user_login_log` VALUES (1419407112202616909, 4, '2021-07-26 05:20:02', '10.0.0.220');
INSERT INTO `user_login_log` VALUES (1419407422987960332, 4, '2021-07-26 05:21:16', '10.0.0.220');
INSERT INTO `user_login_log` VALUES (1419408807817117752, 4, '2021-07-26 05:26:46', '10.0.0.220');
INSERT INTO `user_login_log` VALUES (1419409564691857465, 4, '2021-07-26 05:29:46', '10.0.0.220');
INSERT INTO `user_login_log` VALUES (1419409767343849483, 4, '2021-07-26 05:30:35', '10.0.0.220');
INSERT INTO `user_login_log` VALUES (1419410216834826279, 4, '2021-07-26 05:32:22', '10.0.0.220');
INSERT INTO `user_login_log` VALUES (1419410398607573065, 4, '2021-07-26 05:33:05', '10.0.0.220');
INSERT INTO `user_login_log` VALUES (1419412400179773453, 4, '2021-07-26 05:41:02', '10.0.0.220');
INSERT INTO `user_login_log` VALUES (1419415141274877971, 4, '2021-07-26 05:51:56', '10.0.0.220');
INSERT INTO `user_login_log` VALUES (1419415653307121710, 4, '2021-07-26 05:53:58', '10.0.0.220');
INSERT INTO `user_login_log` VALUES (1419415891904299093, 4, '2021-07-26 05:54:55', '10.0.0.220');
INSERT INTO `user_login_log` VALUES (1419416700389949466, 4, '2021-07-26 05:58:08', '10.0.0.220');
INSERT INTO `user_login_log` VALUES (1419417222790512641, 4, '2021-07-26 06:00:12', '10.0.0.220');
INSERT INTO `user_login_log` VALUES (1419417858982543385, 4, '2021-07-26 06:02:44', '10.0.0.220');
INSERT INTO `user_login_log` VALUES (1419419722633445395, 4, '2021-07-26 06:10:08', '10.0.0.220');
INSERT INTO `user_login_log` VALUES (1419423713236877330, 4, '2021-07-26 06:26:00', '10.0.0.220');
INSERT INTO `user_login_log` VALUES (1419605750606463041, 4, '2021-07-26 18:29:21', '10.0.0.220');
INSERT INTO `user_login_log` VALUES (1419620028138913887, 4, '2021-07-26 19:26:05', '10.0.0.220');
INSERT INTO `user_login_log` VALUES (1419621461496168465, 4, '2021-07-26 19:31:46', '10.0.0.220');
INSERT INTO `user_login_log` VALUES (1419622767858286640, 4, '2021-07-26 19:36:58', '10.0.0.220');
INSERT INTO `user_login_log` VALUES (1419623737572982832, 4, '2021-07-26 19:40:49', '10.0.0.220');
INSERT INTO `user_login_log` VALUES (1419624720273244211, 4, '2021-07-26 19:44:43', '10.0.0.220');
INSERT INTO `user_login_log` VALUES (1419680330775789628, 4, '2021-07-26 23:25:42', '10.0.0.220');
INSERT INTO `user_login_log` VALUES (1419680976241426477, 4, '2021-07-26 23:28:16', '10.0.0.220');
INSERT INTO `user_login_log` VALUES (1419681237450096669, 4, '2021-07-26 23:29:18', '10.0.0.220');
INSERT INTO `user_login_log` VALUES (1419683287135158274, 4, '2021-07-26 23:37:27', '10.0.0.220');
INSERT INTO `user_login_log` VALUES (1419684807712964616, 4, '2021-07-26 23:43:29', '10.0.0.220');
INSERT INTO `user_login_log` VALUES (1419686627210428430, 4, '2021-07-26 23:50:43', '10.0.0.220');
INSERT INTO `user_login_log` VALUES (1419687598468628543, 4, '2021-07-26 23:54:35', '10.0.0.220');
INSERT INTO `user_login_log` VALUES (1419688631890608129, 4, '2021-07-26 23:58:41', '10.0.0.220');
INSERT INTO `user_login_log` VALUES (1419689247773818895, 4, '2021-07-27 00:01:08', '10.0.0.220');
INSERT INTO `user_login_log` VALUES (1419689727652528221, 4, '2021-07-27 00:03:02', '10.0.0.220');
INSERT INTO `user_login_log` VALUES (1419690959720939611, 4, '2021-07-27 00:07:56', '10.0.0.220');
INSERT INTO `user_login_log` VALUES (1419691549905649696, 4, '2021-07-27 00:10:17', '10.0.0.220');
INSERT INTO `user_login_log` VALUES (1419691922393399298, 4, '2021-07-27 00:11:46', '10.0.0.220');
INSERT INTO `user_login_log` VALUES (1419692690437570659, 4, '2021-07-27 00:14:49', '10.0.0.220');
INSERT INTO `user_login_log` VALUES (1419693697313800260, 4, '2021-07-27 00:18:49', '10.0.0.220');
INSERT INTO `user_login_log` VALUES (1419694873639911492, 4, '2021-07-27 00:23:29', '10.0.0.220');
INSERT INTO `user_login_log` VALUES (1419695269800312910, 4, '2021-07-27 00:25:04', '10.0.0.220');
INSERT INTO `user_login_log` VALUES (1419696468725334097, 4, '2021-07-27 00:29:49', '10.0.0.220');
INSERT INTO `user_login_log` VALUES (1419697205438054455, 4, '2021-07-27 00:32:45', '10.0.0.220');
INSERT INTO `user_login_log` VALUES (1419698053102698590, 4, '2021-07-27 00:36:07', '10.0.0.220');
INSERT INTO `user_login_log` VALUES (1419700367305736192, 4, '2021-07-27 00:45:19', '10.0.0.220');
INSERT INTO `user_login_log` VALUES (1419700840876212230, 4, '2021-07-27 00:47:12', '10.0.0.220');
INSERT INTO `user_login_log` VALUES (1419703951955066965, 4, '2021-07-27 00:59:34', '10.0.0.220');
INSERT INTO `user_login_log` VALUES (1419704527115780175, 4, '2021-07-27 01:01:51', '10.0.0.220');
INSERT INTO `user_login_log` VALUES (1419707874640134237, 4, '2021-07-27 01:15:09', '10.0.0.220');
INSERT INTO `user_login_log` VALUES (1419708511830409229, 4, '2021-07-27 01:17:41', '10.0.0.220');
INSERT INTO `user_login_log` VALUES (1419709964972195919, 4, '2021-07-27 01:23:27', '10.0.0.220');
INSERT INTO `user_login_log` VALUES (1419710805640740888, 4, '2021-07-27 01:26:48', '10.0.0.220');
INSERT INTO `user_login_log` VALUES (1419712789512978453, 4, '2021-07-27 01:34:41', '10.0.0.220');
INSERT INTO `user_login_log` VALUES (1419714882999156790, 4, '2021-07-27 01:43:00', '10.0.0.220');
INSERT INTO `user_login_log` VALUES (1419715269177114691, 4, '2021-07-27 01:44:32', '10.0.0.220');
INSERT INTO `user_login_log` VALUES (1419715517651877905, 4, '2021-07-27 01:45:31', '10.0.0.220');
INSERT INTO `user_login_log` VALUES (1419715864059445301, 4, '2021-07-27 01:46:54', '10.0.0.220');
INSERT INTO `user_login_log` VALUES (1419717553718034507, 4, '2021-07-27 01:53:37', '10.0.0.220');
INSERT INTO `user_login_log` VALUES (1419723622531989526, 4, '2021-07-27 02:17:43', '10.0.0.220');
INSERT INTO `user_login_log` VALUES (1419724030138646588, 4, '2021-07-27 02:19:21', '10.0.0.220');
INSERT INTO `user_login_log` VALUES (1419724502937370668, 4, '2021-07-27 02:21:13', '10.0.0.220');
INSERT INTO `user_login_log` VALUES (1419725009726734391, 4, '2021-07-27 02:23:14', '10.0.0.220');
INSERT INTO `user_login_log` VALUES (1419731591478902822, 4, '2021-07-27 02:49:23', '10.0.0.220');
INSERT INTO `user_login_log` VALUES (1419734229234745370, 4, '2021-07-27 02:59:52', '10.0.0.220');
INSERT INTO `user_login_log` VALUES (1419739047584071717, 4, '2021-07-27 03:19:01', '10.0.0.220');
INSERT INTO `user_login_log` VALUES (1419740698273382472, 4, '2021-07-27 03:25:35', '10.0.0.220');
INSERT INTO `user_login_log` VALUES (1419741862305988666, 4, '2021-07-27 03:30:12', '10.0.0.220');
INSERT INTO `user_login_log` VALUES (1419747810047164462, 4, '2021-07-27 03:53:50', '10.0.0.220');
INSERT INTO `user_login_log` VALUES (1419749770393550856, 4, '2021-07-27 04:01:38', '10.0.0.220');
INSERT INTO `user_login_log` VALUES (1419976206899478559, 4, '2021-07-27 19:01:24', '10.0.0.220');
INSERT INTO `user_login_log` VALUES (1419979014067453953, 4, '2021-07-27 19:12:34', '10.0.0.220');
INSERT INTO `user_login_log` VALUES (1419980299520966656, 4, '2021-07-27 19:17:40', '10.0.0.220');
INSERT INTO `user_login_log` VALUES (1419981387250794560, 4, '2021-07-27 19:21:59', '10.0.0.220');
INSERT INTO `user_login_log` VALUES (1419982666094084158, 4, '2021-07-27 19:27:04', '10.0.0.220');
INSERT INTO `user_login_log` VALUES (1419985126581862453, 4, '2021-07-27 19:36:51', '10.0.0.220');
INSERT INTO `user_login_log` VALUES (1419986786058240000, 4, '2021-07-27 19:43:27', '10.0.0.220');
INSERT INTO `user_login_log` VALUES (1419987686231375902, 4, '2021-07-27 19:47:01', '10.0.0.220');
INSERT INTO `user_login_log` VALUES (1419988635129741334, 4, '2021-07-27 19:50:47', '10.0.0.220');
INSERT INTO `user_login_log` VALUES (1419992174430257212, 4, '2021-07-27 20:04:51', '10.0.0.220');
INSERT INTO `user_login_log` VALUES (1419999757354401867, 4, '2021-07-27 20:34:59', '10.0.0.220');
INSERT INTO `user_login_log` VALUES (1420006107866202126, 4, '2021-07-27 21:00:13', '10.0.0.220');
INSERT INTO `user_login_log` VALUES (1420006353417535586, 4, '2021-07-27 21:01:12', '10.0.0.220');
INSERT INTO `user_login_log` VALUES (1420006869254013021, 4, '2021-07-27 21:03:15', '10.0.0.220');
INSERT INTO `user_login_log` VALUES (1420007135915278367, 4, '2021-07-27 21:04:18', '10.0.0.220');
INSERT INTO `user_login_log` VALUES (1420007918803091482, 4, '2021-07-27 21:07:25', '10.0.0.220');
INSERT INTO `user_login_log` VALUES (1420008232566390849, 4, '2021-07-27 21:08:40', '10.0.0.220');
INSERT INTO `user_login_log` VALUES (1420013434593869878, 4, '2021-07-27 21:29:20', '10.0.0.220');
INSERT INTO `user_login_log` VALUES (1420017794958753843, 4, '2021-07-27 21:46:40', '10.0.0.220');
INSERT INTO `user_login_log` VALUES (1420045932837208151, 4, '2021-07-27 23:38:28', '10.0.0.220');
INSERT INTO `user_login_log` VALUES (1420049916847194132, 4, '2021-07-27 23:54:18', '10.0.0.220');
INSERT INTO `user_login_log` VALUES (1420052634072514614, 4, '2021-07-28 00:05:06', '10.0.0.220');
INSERT INTO `user_login_log` VALUES (1420052819666272330, 4, '2021-07-28 00:05:50', '10.0.0.220');
INSERT INTO `user_login_log` VALUES (1420053425508319313, 4, '2021-07-28 00:08:15', '10.0.0.220');
INSERT INTO `user_login_log` VALUES (1420054517667332115, 4, '2021-07-28 00:12:35', '10.0.0.220');
INSERT INTO `user_login_log` VALUES (1420056404739227682, 4, '2021-07-28 00:20:05', '10.0.0.220');
INSERT INTO `user_login_log` VALUES (1420057807163490316, 4, '2021-07-28 00:25:39', '10.0.0.220');
INSERT INTO `user_login_log` VALUES (1420057962877026351, 4, '2021-07-28 00:26:16', '10.0.0.220');
INSERT INTO `user_login_log` VALUES (1420062435867361310, 4, '2021-07-28 00:44:03', '10.0.0.220');
INSERT INTO `user_login_log` VALUES (1420062781880664078, 4, '2021-07-28 00:45:25', '10.0.0.220');
INSERT INTO `user_login_log` VALUES (1420063534443659298, 4, '2021-07-28 00:48:25', '10.0.0.220');
INSERT INTO `user_login_log` VALUES (1420064005463998477, 4, '2021-07-28 00:50:17', '10.0.0.220');
INSERT INTO `user_login_log` VALUES (1420064794446135329, 4, '2021-07-28 00:53:25', '10.0.0.220');
INSERT INTO `user_login_log` VALUES (1420065315672293380, 4, '2021-07-28 00:55:29', '10.0.0.220');
INSERT INTO `user_login_log` VALUES (1420066619484274723, 4, '2021-07-28 01:00:40', '10.0.0.220');
INSERT INTO `user_login_log` VALUES (1420066898443239443, 4, '2021-07-28 01:01:47', '10.0.0.220');
INSERT INTO `user_login_log` VALUES (1420067354196312080, 4, '2021-07-28 01:03:35', '10.0.0.220');
INSERT INTO `user_login_log` VALUES (1420068201248587852, 4, '2021-07-28 01:06:57', '10.0.0.220');
INSERT INTO `user_login_log` VALUES (1420068631298965581, 4, '2021-07-28 01:08:40', '10.0.0.220');
INSERT INTO `user_login_log` VALUES (1420068889491931150, 4, '2021-07-28 01:09:42', '10.0.0.220');
INSERT INTO `user_login_log` VALUES (1420069106928844838, 4, '2021-07-28 01:10:33', '10.0.0.220');
INSERT INTO `user_login_log` VALUES (1420069691501576201, 4, '2021-07-28 01:12:53', '10.0.0.220');
INSERT INTO `user_login_log` VALUES (1420070023933722664, 4, '2021-07-28 01:14:12', '10.0.0.220');
INSERT INTO `user_login_log` VALUES (1420070280931311688, 4, '2021-07-28 01:15:13', '10.0.0.220');
INSERT INTO `user_login_log` VALUES (1420070611090145293, 4, '2021-07-28 01:16:32', '10.0.0.220');
INSERT INTO `user_login_log` VALUES (1420071212133908485, 4, '2021-07-28 01:18:55', '10.0.0.220');
INSERT INTO `user_login_log` VALUES (1420076574492852304, 4, '2021-07-28 01:40:14', '10.0.0.220');
INSERT INTO `user_login_log` VALUES (1420079534274773076, 4, '2021-07-28 01:51:59', '10.0.0.220');
INSERT INTO `user_login_log` VALUES (1420080530321309720, 4, '2021-07-28 01:55:57', '10.0.0.220');
INSERT INTO `user_login_log` VALUES (1420080957804773446, 4, '2021-07-28 01:57:39', '10.0.0.220');
INSERT INTO `user_login_log` VALUES (1420136531749765150, 4, '2021-07-28 05:38:29', '10.0.0.220');
INSERT INTO `user_login_log` VALUES (1420137372187623444, 4, '2021-07-28 05:41:49', '10.0.0.220');
INSERT INTO `user_login_log` VALUES (1420140607824724011, 4, '2021-07-28 05:54:41', '10.0.0.220');
INSERT INTO `user_login_log` VALUES (1420143609381912668, 4, '2021-07-28 06:06:36', '10.0.0.220');
INSERT INTO `user_login_log` VALUES (1420145504292962329, 4, '2021-07-28 06:14:08', '10.0.0.220');
INSERT INTO `user_login_log` VALUES (1420147790285111389, 4, '2021-07-28 06:23:13', '10.0.0.220');
INSERT INTO `user_login_log` VALUES (1420406015685296185, 4, '2021-07-28 23:29:19', '10.0.0.220');
INSERT INTO `user_login_log` VALUES (1420412132184293430, 4, '2021-07-28 23:53:37', '10.0.0.220');
INSERT INTO `user_login_log` VALUES (1420412132591140921, 4, '2021-07-28 23:53:37', '10.0.0.220');
INSERT INTO `user_login_log` VALUES (1420412133505499222, 4, '2021-07-28 23:53:37', '10.0.0.220');
INSERT INTO `user_login_log` VALUES (1420412134033981490, 4, '2021-07-28 23:53:37', '10.0.0.220');
INSERT INTO `user_login_log` VALUES (1420423546726776853, 4, '2021-07-29 00:38:58', '10.0.0.220');
INSERT INTO `user_login_log` VALUES (1420424600398856208, 4, '2021-07-29 00:43:10', '10.0.0.220');
INSERT INTO `user_login_log` VALUES (1420451719527006305, 4, '2021-07-29 02:30:55', '10.0.0.220');
INSERT INTO `user_login_log` VALUES (1420455144021033013, 4, '2021-07-29 02:44:32', '10.0.0.220');
INSERT INTO `user_login_log` VALUES (1420455572808925266, 4, '2021-07-29 02:46:14', '10.0.0.220');
INSERT INTO `user_login_log` VALUES (1420456422147096644, 4, '2021-07-29 02:49:37', '10.0.0.220');
INSERT INTO `user_login_log` VALUES (1420457509625266228, 4, '2021-07-29 02:53:56', '10.0.0.220');
INSERT INTO `user_login_log` VALUES (1420458687780093969, 4, '2021-07-29 02:58:37', '10.0.0.220');
INSERT INTO `user_login_log` VALUES (1420459676289466452, 4, '2021-07-29 03:02:32', '10.0.0.220');
INSERT INTO `user_login_log` VALUES (1420462120771780652, 4, '2021-07-29 03:12:15', '10.0.0.220');
INSERT INTO `user_login_log` VALUES (1420462673652350996, 4, '2021-07-29 03:14:27', '10.0.0.220');
INSERT INTO `user_login_log` VALUES (1420463351749673050, 4, '2021-07-29 03:17:09', '10.0.0.220');
INSERT INTO `user_login_log` VALUES (1420463799273521212, 4, '2021-07-29 03:18:55', '10.0.0.220');
INSERT INTO `user_login_log` VALUES (1420464296734752780, 4, '2021-07-29 03:20:54', '10.0.0.220');
INSERT INTO `user_login_log` VALUES (1420468015610200137, 4, '2021-07-29 03:35:41', '10.0.0.220');
INSERT INTO `user_login_log` VALUES (1420468469849128965, 4, '2021-07-29 03:37:29', '10.0.0.220');
INSERT INTO `user_login_log` VALUES (1420469029612552208, 4, '2021-07-29 03:39:42', '10.0.0.220');
INSERT INTO `user_login_log` VALUES (1420469595294138373, 4, '2021-07-29 03:41:57', '10.0.0.220');
INSERT INTO `user_login_log` VALUES (1420471394151432245, 4, '2021-07-29 03:49:06', '10.0.0.220');
INSERT INTO `user_login_log` VALUES (1420472163298705500, 4, '2021-07-29 03:52:09', '10.0.0.220');
INSERT INTO `user_login_log` VALUES (1420472668968190004, 4, '2021-07-29 03:54:10', '10.0.0.220');
INSERT INTO `user_login_log` VALUES (1420474010990280720, 4, '2021-07-29 03:59:30', '10.0.0.220');
INSERT INTO `user_login_log` VALUES (1420474819324936269, 4, '2021-07-29 04:02:43', '10.0.0.220');
INSERT INTO `user_login_log` VALUES (1420475321181798497, 4, '2021-07-29 04:04:42', '10.0.0.220');
INSERT INTO `user_login_log` VALUES (1420476385931034667, 4, '2021-07-29 04:08:56', '10.0.0.220');
INSERT INTO `user_login_log` VALUES (1421548169006678062, 4, '2021-08-01 03:07:49', '10.0.0.220');
INSERT INTO `user_login_log` VALUES (1421549117087154198, 4, '2021-08-01 03:11:35', '10.0.0.220');
INSERT INTO `user_login_log` VALUES (1421549905528225811, 4, '2021-08-01 03:14:43', '10.0.0.220');
INSERT INTO `user_login_log` VALUES (1421551037424074773, 4, '2021-08-01 03:19:13', '10.0.0.220');
INSERT INTO `user_login_log` VALUES (1421551594981294106, 4, '2021-08-01 03:21:26', '10.0.0.220');
INSERT INTO `user_login_log` VALUES (1421552111803433037, 4, '2021-08-01 03:23:29', '10.0.0.220');
INSERT INTO `user_login_log` VALUES (1421552622938095621, 4, '2021-08-01 03:25:31', '10.0.0.220');
INSERT INTO `user_login_log` VALUES (1421552844288295007, 4, '2021-08-01 03:26:24', '10.0.0.220');
INSERT INTO `user_login_log` VALUES (1421557039464710164, 4, '2021-08-01 03:43:04', '10.0.0.220');
INSERT INTO `user_login_log` VALUES (1421558341447974968, 4, '2021-08-01 03:48:15', '10.0.0.220');
INSERT INTO `user_login_log` VALUES (1421559948688490556, 4, '2021-08-01 03:54:38', '10.0.0.220');
INSERT INTO `user_login_log` VALUES (1421560914544427015, 4, '2021-08-01 03:58:28', '10.0.0.220');
INSERT INTO `user_login_log` VALUES (1421612360979709982, 4, '2021-08-01 07:22:54', '10.0.0.220');
INSERT INTO `user_login_log` VALUES (1421614508731793412, 4, '2021-08-01 07:31:26', '10.0.0.220');
INSERT INTO `user_login_log` VALUES (1421616240807378966, 4, '2021-08-01 07:38:19', '10.0.0.220');
INSERT INTO `user_login_log` VALUES (1421645082422935583, 4, '2021-08-01 09:32:55', '10.0.0.220');
INSERT INTO `user_login_log` VALUES (1421649168870408254, 4, '2021-08-01 09:49:09', '10.0.0.220');
INSERT INTO `user_login_log` VALUES (1421650124534185994, 4, '2021-08-01 09:52:57', '10.0.0.220');
INSERT INTO `user_login_log` VALUES (1421652141667254370, 4, '2021-08-01 10:00:58', '10.0.0.220');
INSERT INTO `user_login_log` VALUES (1421654450912624668, 4, '2021-08-01 10:10:09', '10.0.0.220');
INSERT INTO `user_login_log` VALUES (1421657709446430804, 4, '2021-08-01 10:23:06', '10.0.0.220');
INSERT INTO `user_login_log` VALUES (1421663372104958011, 4, '2021-08-01 10:45:36', '10.0.0.220');
INSERT INTO `user_login_log` VALUES (1421665571077881864, 4, '2021-08-01 10:54:20', '10.0.0.220');
INSERT INTO `user_login_log` VALUES (1421666111073550377, 4, '2021-08-01 10:56:29', '10.0.0.220');
INSERT INTO `user_login_log` VALUES (1421667756880691252, 4, '2021-08-01 11:03:01', '10.0.0.220');
INSERT INTO `user_login_log` VALUES (1421670427117223950, 4, '2021-08-01 11:13:38', '10.0.0.220');
INSERT INTO `user_login_log` VALUES (1421672042570186842, 4, '2021-08-01 11:20:03', '10.0.0.220');
INSERT INTO `user_login_log` VALUES (1421672809066659921, 4, '2021-08-01 11:23:06', '10.0.0.220');
INSERT INTO `user_login_log` VALUES (1421675720551170065, 4, '2021-08-01 11:34:40', '10.0.0.220');
INSERT INTO `user_login_log` VALUES (1421676136185725010, 4, '2021-08-01 11:36:19', '10.0.0.220');
INSERT INTO `user_login_log` VALUES (1421680157701177408, 4, '2021-08-01 11:52:18', '10.0.0.220');
INSERT INTO `user_login_log` VALUES (1421680881415749675, 4, '2021-08-01 11:55:10', '10.0.0.220');
INSERT INTO `user_login_log` VALUES (1421682088083456098, 4, '2021-08-01 11:59:58', '10.0.0.220');
INSERT INTO `user_login_log` VALUES (1421802539724046373, 4, '2021-08-01 19:58:36', '10.0.0.220');
INSERT INTO `user_login_log` VALUES (1421806198792912948, 4, '2021-08-01 20:13:08', '10.0.0.220');
INSERT INTO `user_login_log` VALUES (1421831181472628789, 4, '2021-08-01 21:52:25', '10.0.0.220');
INSERT INTO `user_login_log` VALUES (1421836824854134837, 4, '2021-08-01 22:14:50', '10.0.0.220');
INSERT INTO `user_login_log` VALUES (1421838627679240233, 4, '2021-08-01 22:22:00', '10.0.0.220');
INSERT INTO `user_login_log` VALUES (1421843849965207552, 4, '2021-08-01 22:42:45', '10.0.0.220');
INSERT INTO `user_login_log` VALUES (1421845278675173459, 4, '2021-08-01 22:48:26', '10.0.0.220');
INSERT INTO `user_login_log` VALUES (1421846315733614668, 4, '2021-08-01 22:52:33', '10.0.0.220');
INSERT INTO `user_login_log` VALUES (1421847208562524173, 4, '2021-08-01 22:56:06', '10.0.0.220');
INSERT INTO `user_login_log` VALUES (1421848408745836556, 4, '2021-08-01 23:00:52', '10.0.0.220');
INSERT INTO `user_login_log` VALUES (1421849370747207738, 4, '2021-08-01 23:04:41', '10.0.0.220');
INSERT INTO `user_login_log` VALUES (1421851167117279306, 4, '2021-08-01 23:11:50', '10.0.0.220');
INSERT INTO `user_login_log` VALUES (1421853557518237710, 4, '2021-08-01 23:21:20', '10.0.0.220');
INSERT INTO `user_login_log` VALUES (1421860442669580296, 4, '2021-08-01 23:48:41', '10.0.0.220');
INSERT INTO `user_login_log` VALUES (1421894340619272216, 4, '2021-08-02 02:03:23', '10.0.0.220');
INSERT INTO `user_login_log` VALUES (1421901674712137785, 4, '2021-08-02 02:32:32', '10.0.0.220');
INSERT INTO `user_login_log` VALUES (1421903013747884056, 4, '2021-08-02 02:37:51', '10.0.0.220');
INSERT INTO `user_login_log` VALUES (1421906737882988583, 4, '2021-08-02 02:52:39', '10.0.0.220');
INSERT INTO `user_login_log` VALUES (1421934775869898758, 4, '2021-08-02 04:44:04', '10.0.0.220');
INSERT INTO `user_login_log` VALUES (1421959275734892638, 4, '2021-08-02 06:21:25', '10.0.0.220');
INSERT INTO `user_login_log` VALUES (1421960845918732360, 4, '2021-08-02 06:27:39', '10.0.0.220');
INSERT INTO `user_login_log` VALUES (1421962456988647494, 4, '2021-08-02 06:34:03', '10.0.0.220');
INSERT INTO `user_login_log` VALUES (1421963842832826376, 4, '2021-08-02 06:39:34', '10.0.0.220');
INSERT INTO `user_login_log` VALUES (1421965829313921095, 4, '2021-08-02 06:47:27', '10.0.0.220');
INSERT INTO `user_login_log` VALUES (1421972441822920783, 4, '2021-08-02 07:13:44', '10.0.0.220');
INSERT INTO `user_login_log` VALUES (1426883882367586359, 4, '2021-08-15 20:30:02', '172.18.0.9');
INSERT INTO `user_login_log` VALUES (1426887299408334854, 4, '2021-08-15 20:43:37', '172.18.0.9');
INSERT INTO `user_login_log` VALUES (1426888152768843855, 4, '2021-08-15 20:47:01', '172.18.0.9');
INSERT INTO `user_login_log` VALUES (1426889669542416421, 4, '2021-08-15 20:53:02', '172.18.0.9');
INSERT INTO `user_login_log` VALUES (1426891793802203157, 4, '2021-08-15 21:01:29', '172.18.0.9');
INSERT INTO `user_login_log` VALUES (1426894858735325236, 4, '2021-08-15 21:13:39', '172.18.0.9');
INSERT INTO `user_login_log` VALUES (1426897382892638210, 4, '2021-08-15 21:23:41', '172.18.0.9');
INSERT INTO `user_login_log` VALUES (1426901646025166943, 4, '2021-08-15 21:40:38', '172.18.0.9');
INSERT INTO `user_login_log` VALUES (1426904701013594174, 4, '2021-08-15 21:52:46', '172.18.0.9');
INSERT INTO `user_login_log` VALUES (1426987255842476112, 4, '2021-08-16 03:20:49', '172.18.0.9');
INSERT INTO `user_login_log` VALUES (1426988572874903630, 4, '2021-08-16 03:26:03', '172.18.0.9');
INSERT INTO `user_login_log` VALUES (1426990793922449506, 4, '2021-08-16 03:34:52', '172.18.0.9');
INSERT INTO `user_login_log` VALUES (1426991110818893897, 4, '2021-08-16 03:36:08', '172.18.0.9');
INSERT INTO `user_login_log` VALUES (1426995793432154181, 4, '2021-08-16 03:54:44', '172.18.0.9');
INSERT INTO `user_login_log` VALUES (1426996685258625078, 4, '2021-08-16 03:58:17', '172.18.0.9');
INSERT INTO `user_login_log` VALUES (1426998168800727056, 4, '2021-08-16 04:04:10', '172.18.0.9');
INSERT INTO `user_login_log` VALUES (1427003618266976335, 4, '2021-08-16 04:25:50', '172.18.0.9');
INSERT INTO `user_login_log` VALUES (1427004922276089858, 4, '2021-08-16 04:31:01', '172.18.0.9');
INSERT INTO `user_login_log` VALUES (1427008180935725084, 4, '2021-08-16 04:43:58', '172.18.0.9');
INSERT INTO `user_login_log` VALUES (1428316878022909996, 4, '2021-08-19 19:24:15', '172.18.0.3');
INSERT INTO `user_login_log` VALUES (1428369696586997834, 4, '2021-08-19 22:54:08', '172.18.0.3');
INSERT INTO `user_login_log` VALUES (1428373482583891983, 4, '2021-08-19 23:09:11', '172.18.0.3');
INSERT INTO `user_login_log` VALUES (1428373502422949903, 4, '2021-08-19 23:09:16', '172.18.0.3');
INSERT INTO `user_login_log` VALUES (1428373559046053904, 4, '2021-08-19 23:09:29', '172.18.0.3');
INSERT INTO `user_login_log` VALUES (1428386489565192248, 4, '2021-08-20 00:00:52', '172.18.0.3');
INSERT INTO `user_login_log` VALUES (1428400749607395346, 4, '2021-08-20 00:57:32', '172.18.0.3');
INSERT INTO `user_login_log` VALUES (1428401106349727785, 4, '2021-08-20 00:58:57', '172.18.0.3');
INSERT INTO `user_login_log` VALUES (1428402233522790403, 4, '2021-08-20 01:03:26', '172.18.0.3');
INSERT INTO `user_login_log` VALUES (1428403798694436882, 4, '2021-08-20 01:09:39', '172.18.0.3');
INSERT INTO `user_login_log` VALUES (1428404009416269841, 4, '2021-08-20 01:10:29', '172.18.0.3');
INSERT INTO `user_login_log` VALUES (1428404272503988229, 4, '2021-08-20 01:11:32', '172.18.0.3');
INSERT INTO `user_login_log` VALUES (1428404933085896780, 4, '2021-08-20 01:14:09', '172.18.0.3');
INSERT INTO `user_login_log` VALUES (1428405384070045786, 4, '2021-08-20 01:15:57', '172.18.0.3');
INSERT INTO `user_login_log` VALUES (1428407536544915458, 4, '2021-08-20 01:24:30', '172.18.0.3');
INSERT INTO `user_login_log` VALUES (1428407983905185804, 4, '2021-08-20 01:26:17', '172.18.0.3');
INSERT INTO `user_login_log` VALUES (1428408392740773927, 4, '2021-08-20 01:27:54', '172.18.0.3');
INSERT INTO `user_login_log` VALUES (1428410525112344595, 4, '2021-08-20 01:36:22', '172.18.0.3');
INSERT INTO `user_login_log` VALUES (1428410959608684547, 4, '2021-08-20 01:38:06', '172.18.0.3');
INSERT INTO `user_login_log` VALUES (1428420030114046029, 4, '2021-08-20 02:14:09', '172.18.0.3');
INSERT INTO `user_login_log` VALUES (1428420100712570882, 4, '2021-08-20 02:14:25', '172.18.0.3');
INSERT INTO `user_login_log` VALUES (1428420823756054612, 4, '2021-08-20 02:17:18', '172.18.0.3');
INSERT INTO `user_login_log` VALUES (1428420995915456608, 4, '2021-08-20 02:17:59', '172.18.0.3');
INSERT INTO `user_login_log` VALUES (1428421201784479785, 4, '2021-08-20 02:18:48', '172.18.0.3');
INSERT INTO `user_login_log` VALUES (1428421404600049710, 4, '2021-08-20 02:19:36', '172.18.0.3');
INSERT INTO `user_login_log` VALUES (1428421536133423123, 4, '2021-08-20 02:20:08', '172.18.0.3');
INSERT INTO `user_login_log` VALUES (1428421919266316377, 4, '2021-08-20 02:21:39', '172.18.0.3');
INSERT INTO `user_login_log` VALUES (1428421997393616917, 4, '2021-08-20 02:21:58', '172.18.0.3');
INSERT INTO `user_login_log` VALUES (1428422041484140586, 4, '2021-08-20 02:22:08', '172.18.0.3');
INSERT INTO `user_login_log` VALUES (1428422089815105598, 4, '2021-08-20 02:22:20', '172.18.0.3');
INSERT INTO `user_login_log` VALUES (1428441532578406442, 4, '2021-08-20 03:39:35', '172.18.0.3');
INSERT INTO `user_login_log` VALUES (1428445848051654731, 4, '2021-08-20 03:56:44', '172.18.0.3');
INSERT INTO `user_login_log` VALUES (1428449745377959982, 4, '2021-08-20 04:12:13', '172.18.0.3');
INSERT INTO `user_login_log` VALUES (1428451366023471181, 4, '2021-08-20 04:18:40', '172.18.0.3');
INSERT INTO `user_login_log` VALUES (1428454276715257894, 4, '2021-08-20 04:30:14', '172.18.0.3');
INSERT INTO `user_login_log` VALUES (1428460525024452619, 4, '2021-08-20 04:55:03', '172.18.0.3');
INSERT INTO `user_login_log` VALUES (1428485900920168531, 4, '2021-08-20 06:35:53', '172.18.0.3');
INSERT INTO `user_login_log` VALUES (1428516204900786274, 4, '2021-08-20 08:36:18', '172.18.0.3');
INSERT INTO `user_login_log` VALUES (1428518165893095512, 4, '2021-08-20 08:44:06', '172.18.0.3');
INSERT INTO `user_login_log` VALUES (1428519007824126011, 4, '2021-08-20 08:47:27', '172.18.0.3');
INSERT INTO `user_login_log` VALUES (1428519943741120525, 4, '2021-08-20 08:51:10', '172.18.0.3');
INSERT INTO `user_login_log` VALUES (1428520268627714106, 4, '2021-08-20 08:52:27', '172.18.0.3');
INSERT INTO `user_login_log` VALUES (1428521269782913101, 4, '2021-08-20 08:56:26', '172.18.0.3');
INSERT INTO `user_login_log` VALUES (1428523253650956323, 4, '2021-08-20 09:04:19', '172.18.0.3');
INSERT INTO `user_login_log` VALUES (1430089002463014997, 4, '2021-08-24 16:46:03', '172.18.0.3');
INSERT INTO `user_login_log` VALUES (1430109142898454578, 4, '2021-08-24 18:06:04', '172.18.0.3');
INSERT INTO `user_login_log` VALUES (1430129532622352424, 4, '2021-08-24 19:27:06', '172.18.0.3');
INSERT INTO `user_login_log` VALUES (1430130005647568981, 4, '2021-08-24 19:28:59', '172.18.0.3');
INSERT INTO `user_login_log` VALUES (1430132223914291201, 4, '2021-08-24 19:37:47', '172.18.0.3');
INSERT INTO `user_login_log` VALUES (1430135045489700916, 4, '2021-08-24 19:49:00', '172.18.0.3');
INSERT INTO `user_login_log` VALUES (1430135459173904446, 4, '2021-08-24 19:50:39', '172.18.0.3');
INSERT INTO `user_login_log` VALUES (1430138387225915469, 4, '2021-08-24 20:02:17', '172.18.0.3');
INSERT INTO `user_login_log` VALUES (1430140049827049511, 4, '2021-08-24 20:08:53', '172.18.0.3');
INSERT INTO `user_login_log` VALUES (1430141859887329291, 4, '2021-08-24 20:16:05', '172.18.0.3');
INSERT INTO `user_login_log` VALUES (1430198751212875811, 4, '2021-08-25 00:02:09', '172.18.0.3');
INSERT INTO `user_login_log` VALUES (1430214572555382853, 4, '2021-08-25 01:05:01', '172.18.0.3');
INSERT INTO `user_login_log` VALUES (1430215032016220178, 4, '2021-08-25 01:06:50', '172.18.0.3');
INSERT INTO `user_login_log` VALUES (1430218125499969626, 4, '2021-08-25 01:19:08', '172.18.0.3');
INSERT INTO `user_login_log` VALUES (1430219296071495697, 4, '2021-08-25 01:23:47', '172.18.0.3');
INSERT INTO `user_login_log` VALUES (1430219809655631909, 4, '2021-08-25 01:25:49', '172.18.0.3');
INSERT INTO `user_login_log` VALUES (1430220738605887587, 4, '2021-08-25 01:29:31', '172.18.0.3');
INSERT INTO `user_login_log` VALUES (1430222451274428430, 4, '2021-08-25 01:36:19', '172.18.0.3');

SET FOREIGN_KEY_CHECKS = 1;
